file_name,distance_index,batch_size,threshold,max_dist_size,new_dist_buffer_size
apple,0,3,0.7320801679315753,21,47
apple,1,3,0.5534920684216413,77,47
apple,2,4,0.12529828420177927,27,4
apple,3,3,1.7514748531921271,52,30
apple,4,3,1.7281014950696072,10,47
apple,5,3,0.620730544108225,25,43
apple,6,5,3.284828172094598,17,20
apple,7,3,1.6936456756635456,25,34
apple,8,5,0.9550143962746253,73,25
apple,9,6,1.6093753521692473,22,36
apple,10,3,3.139910919392673,21,38
apple,11,3,0.6157679197473332,24,42
apple,12,6,1.4114802634647658,39,34
apple,13,6,3.86760244997916,51,41
apple,14,6,3.8834470789233397,15,24
apple,15,3,0.596623675590357,16,42
apple,16,3,0.5254557035337999,71,37
apple,17,6,0.45870941733755155,66,39
apple,18,6,0.7320828515303459,86,30
apple,19,6,0.6172542557377478,18,33
apple,20,6,3.1934195001897243,35,43
apple,21,3,1.1057426711689404,53,20
apple,22,6,3.9672005950629425,50,30
apple,23,3,3.6522378797540216,54,40
apple,24,6,0.44461033219860957,69,41
apple,25,3,0.5768007518635798,51,48
apple,26,6,1.2365012483005582,47,17
apple,27,3,0.6134097030871966,99,41
apple,28,3,1.5583254511425,97,46
apple,29,3,0.3448020528088189,38,36
apple,30,6,0.5908788391175565,22,32
apple,31,6,1.3557772559541197,52,28
apple,32,3,0.5181765065944574,24,48
apple,33,3,0.42413130050637676,67,46
apple,34,6,0.5685499069900385,40,31
apple,35,3,1.3403060374240818,36,27
apple,36,3,0.5339248424920706,75,44
apple,37,3,2.4665331646855417,41,15
apple,38,6,3.7579339595875356,50,36
apple,39,3,1.4061460035728033,68,6
bank,0,5,2.562784587218061,98,49
bank,1,4,3.014583556212869,86,44
bank,2,5,0.30772116736325894,35,8
bank,3,4,1.9456765839401327,71,26
bank,4,4,2.7460174274876135,23,35
bank,5,4,2.207439394635791,22,44
bank,6,3,2.391609329898951,35,26
bank,7,6,2.77555583845231,58,44
bank,9,4,2.63292480264377,53,29
bank,10,6,2.7207813927194167,50,30
bank,11,4,3.434506689556821,58,24
bank,12,4,0.46175297348988875,65,22
bank,13,5,2.7773954968576375,21,41
bank,14,6,2.3454291504430267,72,36
bank,15,3,3.9186876139769127,13,47
bank,16,3,3.162353655121332,50,46
bank,17,5,3.5562317196277093,91,36
bank,18,4,2.1542738575148164,84,40
bank,19,4,2.0768768356196605,93,23
bank,20,3,3.656555021878815,30,48
bank,21,5,2.3973398817501526,94,24
bank,22,3,1.8789125357136602,78,25
bank,23,4,3.790991042216005,12,24
bank,24,6,3.881280069794903,63,30
bank,25,3,2.3511773677443437,33,46
bank,26,4,3.0651709959606945,98,49
bank,27,5,2.9730232202516165,57,25
bank,28,4,0.3180419387611998,57,8
bank,29,6,3.042165053306778,79,29
bank,30,6,3.7423023684434935,76,37
bank,31,4,3.559517721361495,72,25
bank,32,3,3.4454748314310524,62,49
bank,33,5,3.1614861793549807,82,47
bank,34,5,2.45539852699977,92,29
bank,35,4,2.7527502024214336,51,25
bank,36,6,3.6633133895051544,75,20
bank,37,5,3.1566076912787056,95,34
bank,38,6,3.9539725827980092,68,47
bank,39,3,2.26344917448784,35,32
bee_waggle_6,0,5,3.376835251019161,51,12
bee_waggle_6,1,5,3.582282470323422,55,24
bee_waggle_6,2,4,0.6282428711477493,93,49
bee_waggle_6,3,3,3.884518726998824,47,28
bee_waggle_6,4,5,2.357840480514806,48,39
bee_waggle_6,5,4,3.4656752059219578,81,32
bee_waggle_6,6,5,2.141205214088942,34,50
bee_waggle_6,7,6,2.139520994601278,15,49
bee_waggle_6,8,4,1.445497241050468,65,33
bee_waggle_6,9,5,3.6010386564986554,10,38
bee_waggle_6,10,6,3.7199557872855498,99,40
bee_waggle_6,11,3,3.0557554492249372,69,25
bee_waggle_6,12,3,2.895567802750458,63,49
bee_waggle_6,13,3,2.843846528181942,54,26
bee_waggle_6,14,6,0.36009849531993376,83,25
bee_waggle_6,15,4,1.1983268509419323,18,24
bee_waggle_6,16,5,0.8199581304638367,30,38
bee_waggle_6,17,5,3.6732273701860945,65,35
bee_waggle_6,18,5,0.8750192890678369,85,24
bee_waggle_6,19,4,3.219516443317295,26,17
bee_waggle_6,20,4,2.6191118092154184,43,25
bee_waggle_6,21,4,1.6661127714475883,17,33
bee_waggle_6,22,4,3.2858037009396535,64,8
bee_waggle_6,23,4,0.6109040093539758,98,32
bee_waggle_6,24,6,3.773135144530529,63,37
bee_waggle_6,25,4,3.6955907474481053,85,24
bee_waggle_6,26,4,2.824209604568331,26,39
bee_waggle_6,27,4,2.346235677391896,98,27
bee_waggle_6,28,4,0.6783349253076181,34,49
bee_waggle_6,29,4,3.9264026611760277,42,43
bee_waggle_6,30,4,2.8315790202376743,60,26
bee_waggle_6,31,4,2.465705013632681,24,37
bee_waggle_6,32,4,3.5526561608548204,14,29
bee_waggle_6,33,5,3.2482519472271245,29,42
bee_waggle_6,34,5,2.393904164631861,57,43
bee_waggle_6,35,5,3.4533500198001144,66,4
bee_waggle_6,36,4,3.023534490698384,76,14
bee_waggle_6,37,3,2.924672098626176,72,21
bee_waggle_6,38,5,3.2791623242956844,14,40
bee_waggle_6,39,6,3.053125635848725,15,22
bitcoin,0,4,1.6907806025228629,27,9
bitcoin,1,4,2.422249499362609,43,23
bitcoin,2,5,0.9257668647797739,79,13
bitcoin,3,4,1.6467914074519563,51,37
bitcoin,4,4,1.6202508717561663,52,38
bitcoin,5,5,2.093935524385102,18,9
bitcoin,6,5,3.5659278429353223,17,14
bitcoin,7,4,1.6393098134575772,52,44
bitcoin,9,4,1.6484497794658277,51,32
bitcoin,10,6,2.8352494965193396,52,28
bitcoin,11,5,2.0869308344714645,21,10
bitcoin,12,4,0.20503363122789198,24,17
bitcoin,13,3,2.1639136507047096,46,10
bitcoin,14,5,2.366108340799849,30,20
bitcoin,15,4,2.4327057767139393,40,21
bitcoin,16,4,2.3735810476134436,40,21
bitcoin,17,5,3.992151968214838,26,19
bitcoin,18,5,2.2125518138640015,24,30
bitcoin,19,5,2.3254636709450454,16,28
bitcoin,20,4,2.2534987643192803,11,11
bitcoin,21,4,1.209374623345394,33,43
bitcoin,22,5,1.5002643580805903,72,14
bitcoin,23,5,2.348706703053253,28,25
bitcoin,24,4,2.565613758231708,41,12
bitcoin,25,5,2.069856833167414,21,7
bitcoin,26,4,1.2282054135893283,19,40
bitcoin,27,4,3.5221993862568666,12,11
bitcoin,28,5,2.7321147782416255,50,49
bitcoin,29,5,3.6712182070670285,21,8
bitcoin,30,5,2.983202392136444,13,22
bitcoin,31,4,1.3360984578586588,54,42
bitcoin,32,5,3.8011685188417728,26,20
bitcoin,33,4,2.415180960583271,40,21
bitcoin,34,5,3.8223389249464157,29,21
bitcoin,35,5,2.3341502152897267,13,11
bitcoin,36,5,2.4262154828484914,48,15
bitcoin,37,6,3.170963296230036,97,35
bitcoin,38,6,1.7784807497482849,97,38
bitcoin,39,4,1.289660999805452,84,44
brent_spot,0,4,2.9375746590825496,23,8
brent_spot,1,3,3.998830978749771,31,11
brent_spot,2,3,1.040997484233644,92,31
brent_spot,3,4,3.3779733865794306,18,4
brent_spot,4,4,3.3953848300261327,20,6
brent_spot,5,4,3.019170201953223,32,10
brent_spot,6,5,3.908847059589692,96,7
brent_spot,7,4,2.953686282859909,19,7
brent_spot,9,3,3.943953094385217,10,3
brent_spot,10,3,3.9270189900120425,19,10
brent_spot,11,4,2.277932454007138,31,4
brent_spot,12,5,0.3378582650626818,10,4
brent_spot,13,4,3.6391310503829115,26,11
brent_spot,14,4,2.6190315759070186,23,5
brent_spot,15,4,2.411546362838495,49,11
brent_spot,16,4,0.8970431686929092,59,49
brent_spot,17,4,1.988076359449161,43,35
brent_spot,18,5,0.17940343220978,22,31
brent_spot,19,3,0.5643918925601914,89,44
brent_spot,20,4,1.417943568442882,98,19
brent_spot,21,4,1.0700243218237555,47,36
brent_spot,22,4,3.6439357280442013,27,3
brent_spot,23,4,2.605905376687288,23,6
brent_spot,24,4,2.4905332437620373,23,33
brent_spot,25,4,2.2035417053227246,30,6
brent_spot,26,5,1.3233339347088982,10,3
brent_spot,27,6,3.3343610670783432,44,5
brent_spot,28,5,1.2766794673531205,14,40
brent_spot,29,4,1.8581709952689178,93,24
brent_spot,30,6,1.2711114020791205,91,49
brent_spot,31,4,2.7848476527818926,18,8
brent_spot,32,4,2.0002544734740373,45,22
brent_spot,33,3,3.9979739495056372,36,11
brent_spot,34,3,3.996052077195517,32,11
brent_spot,35,4,1.7509964379645802,16,4
brent_spot,36,4,2.0137520456928044,46,21
brent_spot,37,6,3.130844181871886,99,10
brent_spot,38,3,2.925751127897956,17,5
brent_spot,39,4,3.970542079385333,10,6
businv,0,6,3.0231078960602358,100,13
businv,1,3,3.9906196093182005,69,14
businv,2,4,0.7543500324152406,92,6
businv,3,6,3.0579596113476617,79,26
businv,4,6,3.6987073880401162,71,9
businv,5,3,2.980237273727511,96,42
businv,6,4,2.4640464869102985,50,15
businv,7,3,3.010184167367207,84,12
businv,9,3,2.552858054494445,94,24
businv,10,4,3.799072006708523,98,30
businv,11,3,3.99803612219018,82,15
businv,12,6,0.6248743761762711,69,26
businv,13,3,3.866389247000712,89,33
businv,14,3,2.8656057185200274,97,40
businv,15,4,3.4479371653315214,99,18
businv,16,4,3.879569138667295,66,18
businv,17,3,3.175327175866654,71,20
businv,18,3,3.073015156329367,100,34
businv,19,3,3.624005322086897,97,10
businv,20,6,3.3279759412140075,85,7
businv,21,3,1.1697601701616058,45,21
businv,22,6,3.0136471616644784,97,9
businv,23,6,2.8004974802631786,97,18
businv,24,3,3.1015874475230474,73,12
businv,25,6,3.039491596389475,98,16
businv,26,6,1.1771326587305964,62,5
businv,27,4,3.78701294830761,67,12
businv,28,5,1.0703641185507016,51,40
businv,29,4,3.457204188313466,100,19
businv,30,3,1.2890572277894083,88,50
businv,31,3,2.3602556346351773,91,25
businv,32,3,3.9990636591642703,69,13
businv,33,3,3.9949979758797927,67,12
businv,34,3,3.9619460900840275,69,10
businv,35,3,2.30293888494752,61,42
businv,36,3,3.9923102269267896,67,12
businv,37,3,3.313568789418432,71,10
businv,38,6,2.996862374011717,92,19
businv,39,3,2.3531762366553677,92,22
centralia,0,4,0.7493461566005973,19,10
centralia,1,6,3.139477507129863,37,8
centralia,2,3,3.702761017354162,23,12
centralia,3,4,0.7478503327478484,33,10
centralia,4,3,1.3009354130858133,19,11
centralia,5,6,1.525018023106063,28,3
centralia,6,6,2.504126059093505,36,12
centralia,7,3,2.4691167565391576,93,5
centralia,9,3,1.3883278044888085,100,10
centralia,10,4,0.6698257105193304,75,11
centralia,11,4,0.640421660151544,21,9
centralia,12,6,1.7771327658109586,58,9
centralia,13,6,0.4602421840991524,42,7
centralia,14,6,1.631319933992553,62,12
centralia,15,6,0.8175601859838499,54,12
centralia,16,6,0.44792960120769865,15,10
centralia,17,3,2.2181730592028797,65,12
centralia,18,3,1.744701207474392,82,3
centralia,19,3,2.8859919344926688,61,3
centralia,20,4,1.9174935277814682,12,12
centralia,21,4,2.7476492630929483,57,48
centralia,22,6,0.21595945058237537,66,9
centralia,23,4,2.287152142904731,43,11
centralia,24,6,3.608993736078637,25,6
centralia,25,3,2.014848322578,61,7
centralia,26,4,1.5297904327582768,75,4
centralia,27,4,3.9492212782513385,42,8
centralia,28,4,1.9105789926914183,73,11
centralia,29,4,3.5635229801098176,39,6
centralia,30,5,0.1029092944888618,91,10
centralia,31,4,2.074921104098985,84,5
centralia,32,4,3.1158232721609007,60,7
centralia,33,6,2.4318548374121978,98,8
centralia,34,4,0.45786017817666225,40,11
centralia,35,4,0.25826379127351284,94,12
centralia,36,4,1.9193457728243677,29,10
centralia,37,6,2.163609232308565,54,10
centralia,38,6,0.2503735857708316,76,11
centralia,39,4,1.3928121032850962,77,10
children_per_woman,0,5,2.92835395494628,91,29
children_per_woman,1,6,3.8688470185570774,99,18
children_per_woman,2,3,0.9745878394651284,41,32
children_per_woman,3,3,2.1018577841430117,91,9
children_per_woman,4,6,3.99740957214412,99,21
children_per_woman,5,5,1.5715361441661824,98,31
children_per_woman,6,4,3.1232240824237176,97,10
children_per_woman,7,6,2.253305920785552,93,14
children_per_woman,9,5,2.2416375184175386,96,7
children_per_woman,10,6,3.9810743125742967,96,17
children_per_woman,11,6,2.024984437820506,91,11
children_per_woman,12,4,0.7692305214829018,40,25
children_per_woman,13,5,2.227882663458087,92,6
children_per_woman,14,3,2.1425928239629894,50,20
children_per_woman,15,6,3.97616233446528,92,8
children_per_woman,16,3,3.7789026260339793,100,26
children_per_woman,17,6,3.9995146767565926,91,8
children_per_woman,18,5,1.2984592316295054,91,25
children_per_woman,19,6,3.9507131865167446,95,28
children_per_woman,20,5,2.9110424326870565,95,19
children_per_woman,21,5,2.3963033037420316,93,31
children_per_woman,22,5,2.555109620729989,100,49
children_per_woman,23,3,2.060695067251192,92,9
children_per_woman,24,6,3.841497705312848,98,9
children_per_woman,25,5,2.4290003262895388,97,45
children_per_woman,26,4,1.0950572066686728,35,11
children_per_woman,27,6,3.8624414231949404,96,18
children_per_woman,28,4,0.8254543272459995,38,13
children_per_woman,29,6,3.995351901686214,99,18
children_per_woman,30,5,3.8225177806691573,88,33
children_per_woman,31,6,3.8425140022033166,98,22
children_per_woman,32,3,3.999830624999592,100,11
children_per_woman,33,6,3.982088197704461,95,16
children_per_woman,34,6,3.918179923227779,100,16
children_per_woman,35,3,1.2087825931242078,45,19
children_per_woman,36,3,3.6672766145481397,100,30
children_per_woman,37,4,3.2598929834428128,94,44
children_per_woman,38,3,2.145541561823271,92,8
children_per_woman,39,6,3.7984301547818724,100,29
co2_canada,0,5,1.5239581328543927,56,26
co2_canada,1,3,2.0554179569753828,32,24
co2_canada,2,6,0.11309914673538614,95,50
co2_canada,3,3,1.16583775331014,21,18
co2_canada,4,6,1.0911106286589993,23,17
co2_canada,5,5,1.5370107099082966,31,25
co2_canada,6,6,2.5381125131032998,50,24
co2_canada,7,6,1.4352042067197575,18,17
co2_canada,9,5,1.0100881930453833,24,17
co2_canada,10,3,0.7982781534772372,17,21
co2_canada,11,5,1.506104652074368,55,27
co2_canada,12,5,0.96842934653585,35,29
co2_canada,13,5,1.6572778247624844,34,23
co2_canada,14,3,1.5561112705640179,40,17
co2_canada,15,3,2.4611379199327694,36,16
co2_canada,16,3,2.481809355974607,34,18
co2_canada,17,3,2.4961260389049555,37,18
co2_canada,18,6,3.8634012602311705,22,13
co2_canada,19,4,1.486077684054416,33,19
co2_canada,20,6,1.5705930347665809,23,14
co2_canada,21,3,1.228752195554421,55,31
co2_canada,22,5,1.5119217163303877,40,26
co2_canada,23,5,1.691865145920311,36,25
co2_canada,24,3,2.2767207432708427,31,23
co2_canada,25,3,1.2649918050785878,45,29
co2_canada,26,5,1.0695885702982753,26,22
co2_canada,27,5,0.8346512317519009,21,19
co2_canada,28,6,0.7683414161889311,65,50
co2_canada,29,5,2.3597595014725035,63,27
co2_canada,30,5,0.7873069506921624,81,23
co2_canada,31,3,1.371803292319627,18,24
co2_canada,32,5,3.246908680179116,37,25
co2_canada,33,5,3.0959334366328153,36,25
co2_canada,34,5,3.3129510453185014,38,21
co2_canada,35,4,0.10413878693175167,35,27
co2_canada,36,3,2.476521566957504,35,18
co2_canada,37,6,1.634943621301452,19,23
co2_canada,38,5,0.895176410579783,31,28
co2_canada,39,5,1.0000832357106857,23,19
construction,0,3,1.7286021961993177,96,9
construction,1,3,2.365887285419131,95,8
construction,2,3,1.0150730931569614,95,50
construction,3,3,1.7836760926633148,58,8
construction,4,3,1.4994870791777297,77,7
construction,5,5,1.751912857617123,78,10
construction,6,3,1.5334647839880975,94,22
construction,7,6,1.4333462741140044,79,12
construction,9,3,1.5977168983997079,67,7
construction,10,3,2.4550720354612987,68,9
construction,11,3,1.6076150623511867,92,9
construction,12,3,0.8815349376635226,90,12
construction,13,4,1.4966986753091782,96,24
construction,14,3,1.6352691071233743,86,7
construction,15,3,2.3815622448314135,89,7
construction,16,3,2.2875148939577103,82,9
construction,17,3,2.3764928439594857,82,7
construction,18,3,3.9811833598250996,58,33
construction,19,6,3.1638326924003852,68,38
construction,20,3,1.5713449568453073,77,9
construction,21,6,1.142752363713608,59,7
construction,22,3,2.0392149401762074,81,9
construction,23,6,1.6291589905661108,88,11
construction,24,3,2.8676641776275087,83,9
construction,25,6,1.609757879210708,92,12
construction,26,6,1.0513050742580141,83,12
construction,27,3,2.5077963791102285,71,8
construction,28,5,0.4381648739929611,50,7
construction,29,3,2.5602105367061814,94,7
construction,30,3,1.4733412164337205,19,22
construction,31,3,1.5176732195275713,60,8
construction,32,3,2.5720436933855955,91,9
construction,33,3,2.2685240884345874,95,7
construction,34,3,2.508621904258816,92,9
construction,35,3,1.0833850043345485,100,10
construction,36,3,2.2233132712191495,93,9
construction,37,3,2.6069641326138377,70,9
construction,38,6,1.7806684150143424,81,10
construction,39,6,1.6356808431275258,70,11
debt_ireland,0,4,0.15006611258389432,65,7
debt_ireland,1,4,0.3290328426614283,75,6
debt_ireland,2,4,2.3080891810053776,43,8
debt_ireland,3,4,0.41791403314515574,46,7
debt_ireland,4,4,0.8876308347704264,85,6
debt_ireland,5,4,0.1695521725591002,79,5
debt_ireland,6,4,1.0030728377051301,73,6
debt_ireland,7,4,0.3716299023206582,62,8
debt_ireland,9,4,0.6770491662773221,57,6
debt_ireland,10,4,0.3435880554694635,66,7
debt_ireland,11,4,0.4731944262941788,91,8
debt_ireland,12,4,3.90525120228846,83,6
debt_ireland,13,4,0.3495381731994172,98,6
debt_ireland,14,4,0.642677289490688,51,8
debt_ireland,15,4,0.3665070680863406,23,8
debt_ireland,16,4,0.37966277109141433,43,7
debt_ireland,17,4,0.37942439330178124,72,8
debt_ireland,18,4,0.6063752018858231,24,5
debt_ireland,19,4,3.273868015059976,83,6
debt_ireland,20,4,0.7226079234433151,27,6
debt_ireland,21,4,0.20059079260007134,78,6
debt_ireland,22,4,0.45379010570379474,27,5
debt_ireland,23,4,0.5321977944262825,13,5
debt_ireland,24,4,0.268030896851263,100,5
debt_ireland,25,4,0.21466410689060306,13,5
debt_ireland,26,4,0.28179054057189684,42,7
debt_ireland,27,4,0.460731442249943,96,6
debt_ireland,28,4,2.9094412056326986,90,6
debt_ireland,29,4,0.10623308395113422,18,5
debt_ireland,30,4,0.10093453295733743,14,5
debt_ireland,31,4,0.8837722880085193,78,5
debt_ireland,32,4,0.20336710334938166,80,8
debt_ireland,33,4,0.40810265286727393,40,6
debt_ireland,34,4,0.441123846266659,48,8
debt_ireland,35,4,0.6127767372429226,69,6
debt_ireland,36,4,0.2593849390489093,91,5
debt_ireland,37,4,0.12291379545563745,45,6
debt_ireland,38,4,0.6665126965881952,48,5
debt_ireland,39,4,0.8672001558683864,47,7
gdp_argentina,0,4,2.4306222240145194,42,15
gdp_argentina,1,6,0.8321092943253134,66,50
gdp_argentina,2,6,1.3835633037983581,29,49
gdp_argentina,3,6,0.37181040644616653,32,49
gdp_argentina,4,4,1.0393169696738507,47,41
gdp_argentina,5,6,0.1887679121767885,85,50
gdp_argentina,6,6,2.528171060681956,47,39
gdp_argentina,7,6,0.10382676298096244,58,49
gdp_argentina,9,6,2.134929054442857,12,28
gdp_argentina,10,6,0.4216311369156417,11,50
gdp_argentina,11,6,0.11815376092189553,46,49
gdp_argentina,12,6,0.5700638943826355,15,36
gdp_argentina,13,4,3.212672125040187,36,24
gdp_argentina,14,6,0.24738327459673184,93,49
gdp_argentina,15,6,0.6769945406838986,94,50
gdp_argentina,16,6,0.10136254214489251,66,50
gdp_argentina,17,4,2.308478182643931,40,46
gdp_argentina,18,4,2.6359862272249286,29,37
gdp_argentina,19,6,0.21088739038899385,58,50
gdp_argentina,20,6,0.12768514011865215,80,50
gdp_argentina,21,6,0.4372541211177126,53,49
gdp_argentina,22,6,0.31853929072157183,93,50
gdp_argentina,23,6,0.5359665988987672,67,50
gdp_argentina,24,6,0.3443783401106718,31,50
gdp_argentina,25,4,2.385073467011972,23,38
gdp_argentina,26,6,0.5663610467752185,70,49
gdp_argentina,27,6,0.5160533582446974,76,49
gdp_argentina,28,6,2.4597401390112643,59,50
gdp_argentina,29,6,0.5808322089994653,27,50
gdp_argentina,30,3,1.2248584881931803,19,10
gdp_argentina,31,6,0.7666435542613335,90,49
gdp_argentina,32,6,0.3652650147588009,89,49
gdp_argentina,33,6,0.4740070488963273,55,50
gdp_argentina,34,6,0.2097925415845428,45,50
gdp_argentina,35,6,0.40879349612045823,14,50
gdp_argentina,36,6,0.47734665060676507,71,50
gdp_argentina,37,6,0.40565865687245406,64,50
gdp_argentina,38,6,0.41274009492559804,51,50
gdp_argentina,39,6,0.31349028303862125,89,49
gdp_croatia,0,3,0.44196792738829593,41,15
gdp_croatia,1,3,0.3114887408960051,64,15
gdp_croatia,2,3,1.567934132702908,16,15
gdp_croatia,3,5,0.5804871651691231,95,12
gdp_croatia,4,5,0.2950236038555784,86,13
gdp_croatia,5,5,0.3026400809901589,18,14
gdp_croatia,6,5,0.45379663345080146,34,12
gdp_croatia,7,5,0.10085813247657482,10,13
gdp_croatia,9,3,0.5060608491354291,67,13
gdp_croatia,10,5,0.10612101465575802,14,12
gdp_croatia,11,5,0.2819883619986807,68,12
gdp_croatia,12,5,1.195120209562855,25,14
gdp_croatia,13,3,0.5143709283838975,60,14
gdp_croatia,14,3,0.4278882691865279,98,15
gdp_croatia,15,5,0.17038202016231102,77,11
gdp_croatia,16,5,0.14635912010550522,90,15
gdp_croatia,17,5,0.3385221331840044,86,11
gdp_croatia,18,5,0.2287007406682089,77,12
gdp_croatia,19,3,0.37965484332129174,56,14
gdp_croatia,20,3,0.13366263751686602,13,14
gdp_croatia,21,3,0.12625163985074034,89,15
gdp_croatia,22,3,0.5338214369543394,100,13
gdp_croatia,23,5,0.6534564847222962,71,12
gdp_croatia,24,5,0.21780979804160025,37,15
gdp_croatia,25,3,0.2972967195010454,70,15
gdp_croatia,26,3,0.83394103995054,51,14
gdp_croatia,27,5,0.2853249602055238,48,15
gdp_croatia,28,5,1.7128684202666171,72,12
gdp_croatia,29,3,0.13430524357263512,50,15
gdp_croatia,30,3,0.1256398751876491,18,14
gdp_croatia,31,5,0.31040975366265144,12,11
gdp_croatia,32,5,0.40590228612699564,88,14
gdp_croatia,33,5,0.4383709882394434,57,11
gdp_croatia,34,3,0.14792543757337548,84,13
gdp_croatia,35,5,0.7229586892681749,94,11
gdp_croatia,36,3,0.25578464288525676,96,15
gdp_croatia,37,5,0.10400783722378693,43,15
gdp_croatia,38,3,0.1377395436558484,73,14
gdp_croatia,39,3,0.6001328621985618,85,14
gdp_iran,0,6,2.844542490273607,75,8
gdp_iran,1,4,3.7273428605416337,79,12
gdp_iran,2,3,3.8416917613013215,79,16
gdp_iran,3,5,2.0818828560379776,49,8
gdp_iran,4,5,2.0525558205385,81,6
gdp_iran,5,5,2.415387050206995,74,7
gdp_iran,6,4,2.50696903869243,72,12
gdp_iran,7,3,0.8365477302126509,97,11
gdp_iran,9,5,2.1312470428543624,81,10
gdp_iran,10,3,0.7118378667595092,65,11
gdp_iran,11,6,2.752945106296733,53,12
gdp_iran,12,3,0.5679072970570375,79,10
gdp_iran,13,6,2.6525844516741275,88,10
gdp_iran,14,6,2.4971857559021977,68,7
gdp_iran,15,3,2.9651920353274477,42,12
gdp_iran,16,4,3.9908155487681523,70,10
gdp_iran,17,3,3.0569745785765106,38,10
gdp_iran,18,6,3.7991725488773223,56,8
gdp_iran,19,6,3.521420762520343,87,10
gdp_iran,20,5,2.2254340204421594,94,6
gdp_iran,21,6,1.0389223556926392,33,12
gdp_iran,22,6,2.989774556780676,58,10
gdp_iran,23,4,1.915746514321857,68,12
gdp_iran,24,4,3.6963386387009836,97,10
gdp_iran,25,6,2.8263276219119904,84,9
gdp_iran,26,6,1.1604097928480956,59,7
gdp_iran,27,4,2.3281289122591002,56,12
gdp_iran,28,3,3.759217813207475,54,16
gdp_iran,29,3,3.4122753450924375,94,11
gdp_iran,30,4,1.2596658536840464,40,10
gdp_iran,31,4,0.7217860008079426,37,14
gdp_iran,32,4,3.5785964380725304,79,11
gdp_iran,33,3,2.878620826287002,62,12
gdp_iran,34,3,3.386114681849555,85,10
gdp_iran,35,4,1.7240642698106239,11,11
gdp_iran,36,3,2.929851838038516,71,11
gdp_iran,37,6,3.9998816360504557,81,12
gdp_iran,38,5,2.2161975364732887,34,9
gdp_iran,39,5,1.9933144622570373,84,6
gdp_japan,0,4,0.9228742033322594,43,29
gdp_japan,1,4,0.18837544663398847,86,29
gdp_japan,2,4,3.69817638106394,16,31
gdp_japan,3,4,0.19238500287715565,33,32
gdp_japan,4,5,1.9501897509808361,37,40
gdp_japan,5,4,0.5535824576022103,41,32
gdp_japan,6,4,0.6399955689209738,39,31
gdp_japan,7,4,0.22069170735939148,73,29
gdp_japan,9,4,0.4621962767249952,95,30
gdp_japan,10,4,0.4352268015317921,10,27
gdp_japan,11,4,0.4291094753750735,100,32
gdp_japan,12,5,2.6579010565671566,90,34
gdp_japan,13,4,0.3272035032991812,62,31
gdp_japan,14,4,0.5044837248866704,24,32
gdp_japan,15,4,0.3722162565427359,66,29
gdp_japan,16,4,0.7745036516509785,71,31
gdp_japan,17,4,1.256336043394951,28,27
gdp_japan,18,4,1.6013165496078734,23,28
gdp_japan,19,4,0.7182937906514866,92,30
gdp_japan,20,4,0.11231881249609543,82,29
gdp_japan,21,4,0.2580772615648823,35,32
gdp_japan,22,4,0.11501047133532916,68,31
gdp_japan,23,4,0.13549412655154436,10,30
gdp_japan,24,4,0.16222803762564766,61,31
gdp_japan,25,4,0.6782001342243564,37,32
gdp_japan,26,4,0.7811968958082143,47,31
gdp_japan,27,4,0.1089651032734574,48,29
gdp_japan,28,4,2.5714937383133725,64,24
gdp_japan,29,4,1.512583867877043,49,32
gdp_japan,30,4,0.14818589876242988,74,31
gdp_japan,31,4,0.4591430512480119,25,32
gdp_japan,32,4,1.5758658575175473,10,26
gdp_japan,33,4,0.10631105159295681,27,32
gdp_japan,34,4,0.5372623540496455,17,29
gdp_japan,35,4,0.6611232471407609,38,30
gdp_japan,36,4,2.5780305682256914,10,24
gdp_japan,37,4,1.1176297670508786,18,20
gdp_japan,38,4,0.11966315002039096,96,31
gdp_japan,39,4,0.6567825351358134,91,29
global_co2,0,5,3.141635190290929,77,17
global_co2,1,5,3.30652509632573,84,47
global_co2,2,5,2.6840579047903743,77,43
global_co2,3,5,2.6259185051880816,76,39
global_co2,4,5,3.1005567475108013,78,39
global_co2,5,5,2.610729463875601,85,27
global_co2,6,5,2.926155974933169,78,48
global_co2,7,5,1.8751826860856697,90,46
global_co2,9,5,2.5686918061102366,77,22
global_co2,10,5,3.430039325121879,88,48
global_co2,11,5,3.4777861649171546,79,13
global_co2,12,5,0.8240543663519007,63,42
global_co2,13,5,3.99932656389719,73,39
global_co2,14,5,3.6994896858927637,75,21
global_co2,15,3,3.317613174509075,81,34
global_co2,16,5,2.8229243949214298,93,47
global_co2,17,5,2.81397156023312,98,46
global_co2,18,5,3.5631152085234232,78,21
global_co2,19,5,3.8959059031035688,73,48
global_co2,20,5,3.2142506865554537,79,25
global_co2,21,5,3.323671819280365,26,48
global_co2,22,5,3.7469938290500235,80,22
global_co2,23,5,2.944960635339123,76,38
global_co2,24,5,2.8850635966028575,86,46
global_co2,25,5,2.787433851516138,85,40
global_co2,26,5,1.0746240725306648,37,47
global_co2,27,5,3.1539023069505214,82,48
global_co2,28,3,1.5324305633623514,23,45
global_co2,29,5,3.598240953401164,90,48
global_co2,30,5,3.241509522714661,74,28
global_co2,31,5,2.7513304486716725,79,29
global_co2,32,3,3.6124246444498866,80,42
global_co2,33,5,2.6793559612986875,87,48
global_co2,34,3,3.5441836666137956,80,30
global_co2,35,5,1.0438559309920168,41,46
global_co2,36,5,3.4308393877842063,83,48
global_co2,37,3,1.9626983338840593,88,50
global_co2,38,5,3.9134199812740125,72,41
global_co2,39,5,3.889640240552865,72,32
homeruns,0,3,1.9692797219469482,31,6
homeruns,1,6,3.117184335563965,88,18
homeruns,2,3,1.0863195390873068,91,15
homeruns,3,5,3.6101273225809876,10,13
homeruns,4,6,3.200082958754847,18,18
homeruns,5,3,2.2178217711757715,31,4
homeruns,6,3,2.0334422385985906,55,18
homeruns,7,6,1.8404189440874676,22,16
homeruns,9,4,1.576466576155447,63,20
homeruns,10,6,3.058227426218493,25,15
homeruns,11,3,2.326769985435895,36,4
homeruns,12,3,0.6621209261270774,61,12
homeruns,13,6,3.117818812997362,34,5
homeruns,14,3,2.126625060898251,19,5
homeruns,15,3,3.909645251198543,32,6
homeruns,16,3,3.895291223763713,34,4
homeruns,17,6,3.2492497709734063,37,8
homeruns,18,3,3.129749873626836,29,17
homeruns,19,5,2.89307970151433,34,18
homeruns,20,6,3.397292064749333,28,18
homeruns,21,6,1.395013397779619,13,16
homeruns,22,3,2.149048293674263,50,6
homeruns,23,3,2.2208229394391266,23,5
homeruns,24,6,3.2182264560261165,80,11
homeruns,25,3,2.374376653013874,35,4
homeruns,26,3,1.1469133129454951,28,13
homeruns,27,6,3.5630318940185997,30,11
homeruns,28,3,1.4294701041566467,21,17
homeruns,29,3,3.9999850294956074,60,5
homeruns,30,5,1.4273113443774115,93,8
homeruns,31,3,2.147214125772224,17,6
homeruns,32,3,3.957969167540826,28,4
homeruns,33,3,3.8943667085530325,30,6
homeruns,34,6,3.298574654382014,83,18
homeruns,35,4,1.0986658873639072,46,11
homeruns,36,3,3.9521723459858262,31,4
homeruns,37,3,3.4121482323810293,25,16
homeruns,38,3,2.89054730467738,17,6
homeruns,39,6,1.7833210829928514,24,16
iceland_tourism,0,6,3.8604633626566005,86,40
iceland_tourism,1,6,2.505323399095031,99,31
iceland_tourism,2,5,0.20921056367630642,52,23
iceland_tourism,3,5,2.701970417175299,37,37
iceland_tourism,4,5,2.9107716157069885,69,40
iceland_tourism,5,4,3.692206776294104,81,38
iceland_tourism,6,5,3.7931665285340124,25,18
iceland_tourism,7,4,3.0917497879639937,84,36
iceland_tourism,9,3,3.989040560462741,99,50
iceland_tourism,10,5,3.6584061856907737,92,37
iceland_tourism,11,3,3.6177399918430355,58,4
iceland_tourism,12,6,0.2388865868048927,91,39
iceland_tourism,13,3,3.4987806550488525,95,33
iceland_tourism,14,3,3.869951023397123,98,49
iceland_tourism,15,6,2.5213229309417993,83,18
iceland_tourism,16,3,2.6419710067689106,81,13
iceland_tourism,17,6,2.410012751601942,79,13
iceland_tourism,18,3,3.865322614169665,76,24
iceland_tourism,19,6,3.281766003215534,89,19
iceland_tourism,20,6,3.98952669719501,98,19
iceland_tourism,21,5,1.5694533573785543,99,11
iceland_tourism,22,3,3.999963036211775,69,13
iceland_tourism,23,3,3.850500747933605,100,32
iceland_tourism,24,6,2.8839659365208057,79,35
iceland_tourism,25,3,3.5909595304551667,76,37
iceland_tourism,26,4,3.525122927342845,51,15
iceland_tourism,27,6,3.9820899927327953,96,9
iceland_tourism,28,6,0.5978947035828814,63,11
iceland_tourism,29,6,2.254661248819504,81,32
iceland_tourism,30,3,2.593262941315568,40,34
iceland_tourism,31,4,3.4739184712207174,46,15
iceland_tourism,32,6,3.3039778391727634,20,14
iceland_tourism,33,6,2.4343440961767384,91,18
iceland_tourism,34,6,2.507207492000589,94,20
iceland_tourism,35,3,2.273500780372451,73,45
iceland_tourism,36,6,2.4641070173786654,95,13
iceland_tourism,37,6,3.927344617242814,19,9
iceland_tourism,38,6,3.950178386940843,58,16
iceland_tourism,39,4,3.8159295944130562,41,14
jfk_passengers,0,4,2.2499864741409055,57,34
jfk_passengers,1,4,3.5861384298910477,18,49
jfk_passengers,2,3,0.44234241303963695,25,3
jfk_passengers,3,3,1.9777368438569463,61,36
jfk_passengers,4,3,0.980402322764456,90,45
jfk_passengers,5,6,2.63680262704055,74,13
jfk_passengers,6,6,3.049012289781777,85,35
jfk_passengers,7,3,3.1926999997709196,14,6
jfk_passengers,9,6,1.2614971898765655,91,17
jfk_passengers,10,4,2.7362060234139274,15,40
jfk_passengers,11,4,2.0192660326132605,72,48
jfk_passengers,12,4,0.5675492867912615,21,17
jfk_passengers,13,4,2.192570455730045,28,45
jfk_passengers,14,3,2.4512026707369836,16,42
jfk_passengers,15,4,3.5962798811072307,53,38
jfk_passengers,16,4,3.5154869297113907,51,40
jfk_passengers,17,4,3.614761624710401,57,24
jfk_passengers,18,4,2.194242832972899,34,46
jfk_passengers,19,4,2.370517172785888,62,28
jfk_passengers,20,4,2.0546920791274643,33,37
jfk_passengers,21,4,1.0583362828782952,51,46
jfk_passengers,22,4,2.127671358468324,19,41
jfk_passengers,23,4,1.8691569081813657,33,50
jfk_passengers,24,4,3.892931402194945,56,15
jfk_passengers,25,4,1.964055000006949,26,50
jfk_passengers,26,4,1.102304315406226,31,39
jfk_passengers,27,4,2.633743631651642,27,39
jfk_passengers,28,3,1.2320633448729905,25,30
jfk_passengers,29,4,3.9976873589617976,57,43
jfk_passengers,30,5,1.180605160680687,10,40
jfk_passengers,31,6,2.344216950538078,17,3
jfk_passengers,32,4,3.6125271500560263,64,28
jfk_passengers,33,4,3.690676443739244,61,42
jfk_passengers,34,4,3.5915567970944355,59,42
jfk_passengers,35,4,1.4297347759740375,16,12
jfk_passengers,36,4,3.5736601460342423,57,21
jfk_passengers,37,3,3.6653610911217878,94,22
jfk_passengers,38,4,2.1610511310401317,19,40
jfk_passengers,39,6,2.4440667250216186,10,10
lga_passengers,0,4,1.784280065683014,91,14
lga_passengers,1,5,2.8113578114144797,99,12
lga_passengers,2,3,1.6716226005672492,31,42
lga_passengers,3,6,1.9388917251074318,93,4
lga_passengers,4,3,2.6448499065111775,16,21
lga_passengers,5,6,1.923504337374282,65,12
lga_passengers,6,3,2.2521306544643513,94,4
lga_passengers,7,3,2.507827977157636,13,21
lga_passengers,9,3,2.6407539946421985,20,4
lga_passengers,10,4,2.7189158714362684,50,4
lga_passengers,11,6,1.7481236939775242,97,3
lga_passengers,12,4,0.8594641805261803,92,16
lga_passengers,13,3,1.812707359637451,88,6
lga_passengers,14,4,1.7290047266348045,64,7
lga_passengers,15,4,3.2472728180191583,50,6
lga_passengers,16,4,2.971644565301674,55,3
lga_passengers,17,4,2.9561401215115555,57,6
lga_passengers,18,4,1.2642769134551584,17,31
lga_passengers,19,4,1.3135434116627187,39,35
lga_passengers,20,6,2.0490400967662614,95,6
lga_passengers,21,3,1.0429675533332794,21,11
lga_passengers,22,3,1.8399741750357108,88,4
lga_passengers,23,5,1.6946001663656554,96,14
lga_passengers,24,4,3.2665284296104025,61,6
lga_passengers,25,3,1.4958434828326705,100,31
lga_passengers,26,3,1.071875827312218,47,23
lga_passengers,27,5,2.7471494499280498,99,11
lga_passengers,28,4,1.166998888373299,56,43
lga_passengers,29,4,3.2159086989844696,90,7
lga_passengers,30,5,1.3229273379066029,23,4
lga_passengers,31,3,1.4625150363407662,98,12
lga_passengers,32,4,3.2591978899882768,45,8
lga_passengers,33,5,2.9466890065680515,99,15
lga_passengers,34,4,2.9682746354481453,62,3
lga_passengers,35,3,1.253156932818275,45,10
lga_passengers,36,3,2.1287812502986347,100,6
lga_passengers,37,4,2.73704639764701,47,8
lga_passengers,38,3,3.0600278211950824,15,20
lga_passengers,39,4,2.6021714681237533,20,15
measles,0,3,3.3431611540410437,69,24
measles,1,3,3.350648077792382,99,40
measles,2,3,0.41319505822570934,62,49
measles,3,6,3.4594167775781117,14,32
measles,4,5,2.266128348891301,63,30
measles,5,6,3.4628113821187356,60,4
measles,6,4,3.998925561596,87,37
measles,7,3,3.968944660674376,45,46
measles,9,4,3.2658521980525776,62,7
measles,10,3,3.4451340699595416,89,22
measles,11,4,3.485487705913402,64,21
measles,12,4,3.708633614613299,77,44
measles,13,6,3.7696237966485984,88,8
measles,14,4,3.515846707188665,90,46
measles,15,4,3.7776003905885807,98,38
measles,16,4,3.643604134365141,85,35
measles,17,5,3.457917528279203,88,27
measles,18,5,3.6531253699452937,94,7
measles,19,6,2.739013421475705,51,35
measles,20,4,3.8071104594920917,96,33
measles,21,4,3.819045086708388,79,44
measles,22,6,3.8489265282072527,75,30
measles,23,5,3.9398618236777696,64,47
measles,24,3,3.203143930769538,95,49
measles,25,5,3.3670681635395545,64,24
measles,26,6,1.591410358406423,21,21
measles,27,3,3.307444449599294,99,23
measles,28,5,0.12540344840521855,66,41
measles,29,4,3.7761404932179436,15,31
measles,30,5,3.735082256801843,64,48
measles,31,3,3.124970928802645,93,29
measles,32,6,3.6621677957041463,97,50
measles,33,6,3.7286968984326103,98,30
measles,34,4,2.4631846094123104,92,41
measles,35,3,3.1928891358066243,80,47
measles,36,4,3.957394759435787,100,29
measles,37,4,3.9734960186224417,68,33
measles,38,4,3.7862486802914166,97,35
measles,39,4,3.3328519450526355,46,12
nile,0,4,1.3417973597078694,99,24
nile,1,4,1.586347957692118,51,20
nile,2,4,0.9985585679224117,45,21
nile,3,4,1.115619297256327,92,12
nile,4,4,1.7702020290486264,17,28
nile,5,4,1.05615863064006,31,27
nile,6,4,2.0449554844364015,26,16
nile,7,4,0.9906338969246727,11,18
nile,9,4,0.8089465736733377,68,17
nile,10,4,2.7972785765164327,64,14
nile,11,4,1.7513781366684318,64,14
nile,12,4,0.8588193038730172,65,28
nile,13,4,1.9427393069898982,62,27
nile,14,4,1.018622941164442,46,27
nile,15,4,1.2459216343370645,98,16
nile,16,4,3.26537324516652,89,10
nile,17,4,2.373731884317425,100,24
nile,18,3,0.26274337752183474,26,23
nile,19,4,0.4478826362124759,28,24
nile,20,4,1.6263428459333626,27,21
nile,21,4,1.1845259632221938,40,25
nile,22,4,1.7586973379582522,59,21
nile,23,4,0.7827644093102004,63,21
nile,24,4,3.389063464500572,51,14
nile,25,4,0.9445564602093173,84,28
nile,26,4,1.0534303743635651,60,17
nile,27,4,2.0355584832058886,35,26
nile,28,4,0.8831001201373962,40,22
nile,29,4,2.5730235121763427,99,16
nile,30,5,0.842112579760774,98,21
nile,31,4,1.8859135416245452,62,12
nile,32,4,1.521251647593207,12,17
nile,33,4,2.4559134582590914,15,25
nile,34,4,2.927180843354998,55,9
nile,35,4,1.0074497890071439,40,22
nile,36,4,1.1973877113015214,21,16
nile,37,4,2.8997253089566373,20,19
nile,38,4,2.345095835743646,63,6
nile,39,4,1.3110996889251463,82,10
occupancy,0,4,1.320540873204555,63,37
occupancy,1,3,0.10143679464175293,89,35
occupancy,2,3,1.0167855373781698,56,45
occupancy,3,3,0.8574768465338809,88,29
occupancy,4,4,1.002597522961725,44,40
occupancy,5,3,0.9113673133391067,64,40
occupancy,6,6,1.65656406383218,13,14
occupancy,7,3,0.9892500021112469,62,47
occupancy,8,3,0.10388985508631743,85,31
occupancy,9,4,1.0395010422302637,21,25
occupancy,10,3,0.9257156721810801,72,47
occupancy,11,4,1.1066118128266038,13,13
occupancy,12,3,0.9187987079894111,77,28
occupancy,13,3,0.9304687368040477,79,39
occupancy,14,3,1.1489785474344,66,37
occupancy,15,5,1.42355222745751,48,19
occupancy,16,3,1.4581379996084083,51,41
occupancy,17,3,1.4726820810624663,54,41
occupancy,18,4,0.17161744380731184,59,29
occupancy,19,3,0.39900815323824723,16,32
occupancy,20,4,0.9398213567835625,30,27
occupancy,21,4,1.2208554718064106,44,22
occupancy,22,4,1.3090099998941156,53,40
occupancy,23,3,1.1444721967752127,94,39
occupancy,24,4,0.19756817540783977,24,31
occupancy,25,4,1.1718832966429837,57,32
occupancy,26,5,1.0853023180795984,54,38
occupancy,27,3,1.632017262480331,99,49
occupancy,28,3,1.1621010794812763,31,43
occupancy,29,3,1.1628109212749855,61,39
occupancy,30,3,0.8846506467172222,71,40
occupancy,31,3,0.9868647349717575,68,38
occupancy,32,4,1.1237552171985892,13,38
occupancy,33,5,1.7432580042016388,31,25
occupancy,34,3,1.1517276665657818,51,16
occupancy,35,3,0.9697695354717422,94,37
occupancy,36,4,1.7452191862014086,23,26
occupancy,37,3,0.8318709025910321,46,26
occupancy,38,3,0.9277974651837987,91,29
occupancy,39,4,1.1419750630244387,50,19
ozone,0,4,0.24912371794674457,43,28
ozone,1,4,0.11063135592087481,49,28
ozone,2,4,3.732766092921774,12,27
ozone,3,4,0.42707196691312466,46,28
ozone,4,4,0.12692939826038407,20,25
ozone,5,4,0.7868928057932052,90,27
ozone,6,4,0.3707351055790592,96,26
ozone,7,4,0.10212327411467612,82,25
ozone,9,4,0.2510958850697357,19,26
ozone,10,4,0.10384524494134939,16,25
ozone,11,4,0.4004947016991232,11,28
ozone,12,4,3.45873146545206,37,27
ozone,13,4,0.5969396049935591,66,25
ozone,14,4,0.11966530270573927,93,25
ozone,15,4,0.2746279980621284,64,28
ozone,16,4,0.25554955572762394,71,27
ozone,17,4,0.1497037326098941,67,27
ozone,18,4,0.6862648759235667,70,25
ozone,19,4,0.548157019622667,52,27
ozone,20,4,0.18100809305365237,62,26
ozone,21,4,0.10390224113317048,57,25
ozone,22,4,0.6332906580970245,93,26
ozone,23,4,0.3300341432636876,95,26
ozone,24,4,0.16965671240423508,23,26
ozone,25,4,0.7204427400161465,58,28
ozone,26,4,0.6723937069537222,59,27
ozone,27,4,0.1074660997753059,36,28
ozone,28,4,2.472506316402371,45,28
ozone,29,4,0.4562928382204771,75,27
ozone,30,4,0.32317221669117047,14,25
ozone,31,4,0.10564075924885818,63,27
ozone,32,4,0.1516271437449544,70,27
ozone,33,4,0.10043595702850039,97,25
ozone,34,4,0.12091098743189688,20,28
ozone,35,4,0.643575559000183,63,25
ozone,36,4,0.3065933827715797,42,28
ozone,37,4,0.10554533535766832,21,27
ozone,38,4,0.1668414091946953,15,28
ozone,39,4,0.10125795555596129,63,25
quality_control_1,0,5,2.178278601863772,14,15
quality_control_1,1,5,3.0430025002045604,77,30
quality_control_1,2,6,0.9550025149196539,10,33
quality_control_1,3,3,0.3078359275854402,64,41
quality_control_1,4,6,0.9451446489419454,78,48
quality_control_1,5,6,1.5200160232340316,81,44
quality_control_1,6,6,3.4974631479776743,62,43
quality_control_1,7,3,0.4552489770406721,82,30
quality_control_1,9,3,0.36951426410095106,58,37
quality_control_1,10,3,0.1650617717810488,89,26
quality_control_1,11,4,1.6993926291436274,76,35
quality_control_1,12,5,1.4185607875539172,39,43
quality_control_1,13,6,1.7687672171248632,49,39
quality_control_1,14,4,0.44998800964843044,50,19
quality_control_1,15,4,3.6457773206885804,35,14
quality_control_1,16,5,2.082744892629447,94,20
quality_control_1,17,4,1.361892802506799,34,49
quality_control_1,18,3,3.8221438255589355,15,25
quality_control_1,19,4,0.46601154398130296,49,6
quality_control_1,20,4,0.5265426471719128,70,40
quality_control_1,21,6,1.2949811957862303,22,50
quality_control_1,22,5,2.208976737488708,15,7
quality_control_1,23,6,1.245582664938738,23,15
quality_control_1,24,6,2.902129264421475,20,43
quality_control_1,25,6,1.5644783436909933,86,31
quality_control_1,26,3,0.7511871989649322,60,17
quality_control_1,27,4,2.3051000791283762,29,25
quality_control_1,28,5,3.976857763532025,35,16
quality_control_1,29,5,3.514865658785349,38,44
quality_control_1,30,3,3.6323883872568508,13,30
quality_control_1,31,4,0.4637327428473042,81,17
quality_control_1,32,3,3.447614200603252,56,18
quality_control_1,33,3,1.995905821703292,26,9
quality_control_1,34,5,1.2676185292710818,19,41
quality_control_1,35,4,1.3252145467808507,75,6
quality_control_1,36,5,1.1979879313718513,41,50
quality_control_1,37,4,3.3273197751780472,12,20
quality_control_1,38,3,1.391818030853262,52,37
quality_control_1,39,4,3.0047041791997082,15,13
quality_control_2,0,3,2.051661552090889,64,35
quality_control_2,1,3,3.5063820571851756,17,24
quality_control_2,2,3,1.2164612136271968,56,10
quality_control_2,3,4,0.8267162298403368,51,34
quality_control_2,4,4,1.019078202899078,62,28
quality_control_2,5,3,1.735852473530769,49,44
quality_control_2,6,3,1.8667470831364235,32,25
quality_control_2,7,3,0.7735783382685404,68,38
quality_control_2,9,4,3.1191048772550967,87,5
quality_control_2,10,4,0.5898342527859319,21,41
quality_control_2,11,3,1.4746962147529046,45,18
quality_control_2,12,5,1.8647338991396727,42,23
quality_control_2,13,3,2.10049254994779,74,33
quality_control_2,14,4,3.4994949110230182,69,26
quality_control_2,15,5,1.434318832285143,25,9
quality_control_2,16,6,2.0817367983049366,29,12
quality_control_2,17,4,3.338976141980545,55,44
quality_control_2,18,3,1.9196929921058683,13,35
quality_control_2,19,4,0.9569558441847456,75,41
quality_control_2,20,5,0.7651305130400133,98,45
quality_control_2,21,3,1.6283147067839594,33,12
quality_control_2,22,3,1.9409588891770688,28,29
quality_control_2,23,4,3.29827020535161,75,22
quality_control_2,24,3,1.5852940149565966,47,32
quality_control_2,25,3,1.6673009640664478,17,22
quality_control_2,26,4,3.12090095839196,77,37
quality_control_2,27,3,2.061495158233928,46,19
quality_control_2,28,3,0.4736016678889625,37,42
quality_control_2,29,3,3.995312463738914,11,26
quality_control_2,30,4,1.4188691630895673,66,47
quality_control_2,31,4,0.329205729499259,44,48
quality_control_2,32,3,1.8063494386815209,93,38
quality_control_2,33,6,1.058774126295555,11,10
quality_control_2,34,5,1.2618942122188952,46,13
quality_control_2,35,6,1.1011708375474352,48,43
quality_control_2,36,5,3.6401676458569105,44,23
quality_control_2,37,3,3.0345840838206235,53,13
quality_control_2,38,3,2.506921795952286,26,18
quality_control_2,39,5,1.1106343854752365,37,31
quality_control_3,0,4,1.716325186420081,15,47
quality_control_3,1,3,3.231535577782371,40,40
quality_control_3,2,4,1.1442032970108151,81,19
quality_control_3,3,3,0.7404428209309354,41,47
quality_control_3,4,6,1.0657614817400547,19,33
quality_control_3,5,6,2.0408451664897984,16,35
quality_control_3,6,5,3.923311963335901,70,42
quality_control_3,7,3,1.7739570738877548,92,15
quality_control_3,9,5,1.393039654162836,68,6
quality_control_3,10,3,2.838284952389048,92,42
quality_control_3,11,4,2.5976455905674127,11,19
quality_control_3,12,5,0.6946811611474616,73,30
quality_control_3,13,5,3.840260140683345,14,12
quality_control_3,14,4,1.9689443962995397,45,20
quality_control_3,15,5,3.5949636894490866,90,23
quality_control_3,16,6,0.337627205559966,86,28
quality_control_3,17,6,2.932454488585246,53,31
quality_control_3,18,5,1.9244261645421976,27,22
quality_control_3,19,4,1.0956988303489783,70,43
quality_control_3,20,5,1.0410436154762217,85,37
quality_control_3,21,5,1.8721790795693314,11,23
quality_control_3,22,6,2.4490255391832214,28,5
quality_control_3,23,5,1.4798732017593934,37,31
quality_control_3,24,3,1.7249765497400142,75,48
quality_control_3,25,4,2.477148147496682,18,16
quality_control_3,26,4,3.778922698394187,79,15
quality_control_3,27,5,2.997164199273527,42,42
quality_control_3,28,4,2.5089513294262376,68,37
quality_control_3,29,6,3.0036617819791416,26,41
quality_control_3,30,3,0.6741915466522499,21,49
quality_control_3,31,4,1.6432841387386186,78,36
quality_control_3,32,4,1.4605114079237096,97,29
quality_control_3,33,4,0.9494153272190696,20,34
quality_control_3,34,5,2.887689913499431,21,20
quality_control_3,35,3,0.9972785475164639,60,27
quality_control_3,36,6,0.4186027346467751,49,11
quality_control_3,37,6,2.207870830085888,25,30
quality_control_3,38,3,0.9847516271559803,96,41
quality_control_3,39,6,2.3595945008440653,35,29
quality_control_4,0,5,3.796663983592489,85,31
quality_control_4,1,3,2.1326459863012177,34,30
quality_control_4,2,3,0.2380826659424062,71,35
quality_control_4,3,4,3.595791206612534,52,26
quality_control_4,4,6,2.8932677219479053,46,38
quality_control_4,5,5,3.1964461086225833,39,36
quality_control_4,6,6,3.944112231471852,63,21
quality_control_4,7,5,3.340820635608551,90,48
quality_control_4,9,4,3.0460081236106022,92,12
quality_control_4,10,4,2.201370347073719,36,25
quality_control_4,11,5,3.2504158248301716,67,23
quality_control_4,12,5,0.4410093829619657,76,33
quality_control_4,13,4,3.10718920109749,47,14
quality_control_4,14,4,3.727350336459093,31,32
quality_control_4,15,3,2.155883293501092,34,30
quality_control_4,16,3,2.181676864777144,35,24
quality_control_4,17,3,2.309396243277318,34,24
quality_control_4,18,3,3.948630022029111,64,9
quality_control_4,19,5,3.7865146059439527,68,16
quality_control_4,20,6,3.9401153091627776,72,8
quality_control_4,21,4,2.2431774464727057,21,18
quality_control_4,22,5,3.9873590448293355,49,22
quality_control_4,23,4,3.997396474110293,34,17
quality_control_4,24,3,2.186894843216382,35,30
quality_control_4,25,4,2.925614661216944,70,6
quality_control_4,26,4,1.9586377968602533,84,45
quality_control_4,27,4,2.190831003727521,34,25
quality_control_4,28,5,0.3378099102729117,50,9
quality_control_4,29,4,2.9152207699111288,34,9
quality_control_4,30,4,1.81212903900075,12,50
quality_control_4,31,5,3.8638524230644373,88,17
quality_control_4,32,3,2.168442160571906,36,28
quality_control_4,33,5,2.8470295232263787,34,25
quality_control_4,34,3,2.339177876118762,34,29
quality_control_4,35,5,1.44121245196946,46,21
quality_control_4,36,3,2.309051113263256,36,27
quality_control_4,37,3,3.9900220155373405,100,44
quality_control_4,38,4,3.6204623880545035,49,50
quality_control_4,39,5,3.013220350464718,89,11
quality_control_5,0,5,1.8381753676264565,73,16
quality_control_5,1,6,1.0878661899220996,83,32
quality_control_5,2,3,3.070915464007386,94,19
quality_control_5,3,5,3.4667203181510238,20,31
quality_control_5,4,3,1.0136436309851777,98,25
quality_control_5,5,6,2.4126917750893417,58,23
quality_control_5,6,6,3.4769191081536666,51,3
quality_control_5,7,5,3.050289467618922,15,41
quality_control_5,9,3,3.0852749830830213,70,29
quality_control_5,10,5,3.3180869260817984,99,39
quality_control_5,11,5,2.1359003129303824,91,6
quality_control_5,12,4,3.3150739377655207,61,17
quality_control_5,13,5,3.284831709683662,35,17
quality_control_5,14,4,0.5715144210848955,95,33
quality_control_5,15,4,3.5031099387108218,41,38
quality_control_5,16,4,3.324567931106934,31,41
quality_control_5,17,4,0.3494974941421773,40,3
quality_control_5,18,4,1.638863905258315,35,27
quality_control_5,19,4,0.41195880991436307,81,30
quality_control_5,20,4,1.0731360072967335,47,32
quality_control_5,21,5,3.234011728067155,24,41
quality_control_5,22,6,2.1734691795787238,39,25
quality_control_5,23,3,1.6060570023954315,11,23
quality_control_5,24,5,3.087006564407121,82,38
quality_control_5,25,5,3.8730742610075,17,35
quality_control_5,26,5,2.962729524305733,85,44
quality_control_5,27,4,2.1076140978951545,64,10
quality_control_5,28,4,3.473798157767194,75,14
quality_control_5,29,4,0.48415040416860944,16,34
quality_control_5,30,6,3.1727989159671885,80,13
quality_control_5,31,6,3.692447274956079,20,36
quality_control_5,32,6,3.4931099578980174,46,31
quality_control_5,33,5,0.6378593541209179,10,42
quality_control_5,34,4,3.014734622600039,23,34
quality_control_5,35,5,2.4580131082175196,82,13
quality_control_5,36,3,3.8197709771074506,64,26
quality_control_5,37,4,2.2936291378944875,56,9
quality_control_5,38,6,0.1081991227890473,71,13
quality_control_5,39,4,3.616206709035676,90,23
rail_lines,0,5,1.3124737271784686,27,5
rail_lines,1,3,0.6389386856408197,47,8
rail_lines,2,6,2.3104213847724098,87,11
rail_lines,3,5,2.4405152629706075,46,4
rail_lines,4,5,2.925481626486499,46,4
rail_lines,5,5,0.5995965552058996,63,5
rail_lines,6,5,3.7141263735898256,34,5
rail_lines,7,5,3.061840736880708,91,3
rail_lines,9,5,1.6532793197104656,77,3
rail_lines,10,5,2.172725087073675,95,5
rail_lines,11,3,0.7432544536534865,91,9
rail_lines,12,4,1.0037045584982236,74,6
rail_lines,13,5,0.7931604982390196,19,5
rail_lines,14,5,3.3120638497380295,62,4
rail_lines,15,3,0.6600150741984774,51,9
rail_lines,16,3,0.515232181808483,37,8
rail_lines,17,3,0.4996635897208518,95,7
rail_lines,18,5,0.9572401293319023,72,5
rail_lines,19,5,1.430801117612564,43,14
rail_lines,20,5,0.40150941302422083,80,4
rail_lines,21,5,1.2116153899538828,37,4
rail_lines,22,5,1.840711886731413,98,5
rail_lines,23,3,0.687791571578603,40,8
rail_lines,24,5,3.986395540630476,59,3
rail_lines,25,3,0.6346810364224162,46,8
rail_lines,26,6,0.9967009698710557,36,4
rail_lines,27,5,2.8640922353594758,24,5
rail_lines,28,4,3.970134249403869,56,9
rail_lines,29,3,0.4559843199438116,32,9
rail_lines,30,3,1.5863756447054567,59,7
rail_lines,31,5,2.9064877565265284,67,4
rail_lines,32,3,0.29307051660901984,15,8
rail_lines,33,3,0.34483547700670203,23,7
rail_lines,34,5,3.6114726359964724,67,4
rail_lines,35,5,1.0015004239204968,48,5
rail_lines,36,5,0.9214702457376583,11,4
rail_lines,37,3,0.36392643449681306,91,9
rail_lines,38,5,0.9138655988625565,35,5
rail_lines,39,5,0.6281254264446878,82,3
ratner_stock,0,3,2.2087751956324926,55,9
ratner_stock,1,6,2.2473059938168394,81,17
ratner_stock,2,6,0.9775662610149747,70,6
ratner_stock,3,6,3.7968378678964805,13,8
ratner_stock,4,4,3.8879857423501196,90,5
ratner_stock,5,6,3.016910860782673,16,10
ratner_stock,6,4,3.091763487487655,45,24
ratner_stock,7,5,2.52638631936095,23,19
ratner_stock,9,3,2.616268408077821,100,8
ratner_stock,10,6,2.3008572642277785,69,15
ratner_stock,11,6,3.191985066728506,18,7
ratner_stock,12,6,0.6546861808893311,62,11
ratner_stock,13,5,3.420572721792041,15,12
ratner_stock,14,6,1.5158749564725682,79,42
ratner_stock,15,6,2.2581142322090657,80,32
ratner_stock,16,6,2.080022543740377,30,39
ratner_stock,17,6,2.2511258937690255,79,18
ratner_stock,18,3,1.5790007063975302,79,37
ratner_stock,19,3,1.7549996753550643,28,20
ratner_stock,20,6,3.5199335780840104,44,9
ratner_stock,21,5,1.3052306643644505,89,11
ratner_stock,22,3,2.2731780260922934,77,8
ratner_stock,23,4,3.229560725351803,88,4
ratner_stock,24,6,2.5025225885882407,82,13
ratner_stock,25,6,3.3041508884337087,17,18
ratner_stock,26,6,1.1455411666926,48,4
ratner_stock,27,6,2.38155605338754,50,18
ratner_stock,28,6,0.7050356986370208,54,10
ratner_stock,29,4,3.952220745465285,39,50
ratner_stock,30,6,0.9286256461906349,87,37
ratner_stock,31,6,3.4380609517417158,13,14
ratner_stock,32,6,2.165795632240873,83,34
ratner_stock,33,5,2.4888816947266066,75,13
ratner_stock,34,6,2.2818904472516954,84,14
ratner_stock,35,6,1.0950747909301342,93,8
ratner_stock,36,6,2.2481125166022444,79,14
ratner_stock,37,6,2.6768146192435567,89,13
ratner_stock,38,6,3.663992921096559,60,9
ratner_stock,39,5,2.625528675627696,16,20
robocalls,0,4,3.010348123085285,70,4
robocalls,1,3,2.389170403870897,23,4
robocalls,2,5,2.2952478910057637,83,39
robocalls,3,4,2.6222991179567643,20,5
robocalls,4,4,2.3212335396257693,30,5
robocalls,5,4,2.284812484685618,25,7
robocalls,6,3,3.5514559211333503,53,3
robocalls,7,6,1.2130753441796673,30,4
robocalls,9,3,1.2476473484100612,25,6
robocalls,10,6,1.0694861903901178,79,3
robocalls,11,4,2.7954677634708545,61,4
robocalls,12,4,0.4961029498417954,18,5
robocalls,13,4,2.901260681473976,18,8
robocalls,14,4,2.715707708519429,31,6
robocalls,15,3,1.3866201468131185,79,4
robocalls,16,3,2.398975871273431,22,6
robocalls,17,3,2.513090971477945,20,6
robocalls,18,3,2.619966533420096,53,9
robocalls,19,4,3.599530402890853,88,4
robocalls,20,4,3.208007517395732,32,6
robocalls,21,5,0.22772661440926256,23,39
robocalls,22,4,3.2839556616031405,23,3
robocalls,23,4,2.8218228993591374,20,3
robocalls,24,3,1.047954935103282,75,5
robocalls,25,4,2.8128777003191066,46,8
robocalls,26,3,1.070233717632547,40,3
robocalls,27,3,1.288089254431811,10,6
robocalls,28,4,3.114446923414998,20,38
robocalls,29,3,3.1398598173404677,29,5
robocalls,30,3,0.6637683663657183,40,3
robocalls,31,6,1.3928953785811027,80,5
robocalls,32,3,1.302733794982789,91,5
robocalls,33,3,2.129005438549676,21,6
robocalls,34,3,1.3355417045506397,88,5
robocalls,35,4,1.1589695663881237,64,3
robocalls,36,6,3.958891846819097,11,4
robocalls,37,6,0.6532730997092595,36,3
robocalls,38,4,3.2094042417263893,57,5
robocalls,39,6,1.6639305195977185,99,6
run_log,0,6,2.582268407788835,12,32
run_log,1,4,1.7011827546103002,49,15
run_log,2,4,3.5808570848050167,19,50
run_log,3,4,0.5985151818949389,45,34
run_log,4,3,0.7969713665605656,17,13
run_log,5,5,3.30991990590001,25,13
run_log,6,6,3.194567720502295,36,13
run_log,7,4,0.8451157096109575,28,16
run_log,8,4,0.2788259313913414,70,34
run_log,9,4,0.5965255604702517,46,33
run_log,10,4,0.8221134076730408,24,13
run_log,11,4,1.365067671295967,44,28
run_log,12,6,0.8851274113152495,19,35
run_log,13,4,1.3519954804805459,48,32
run_log,14,3,1.0224510665890771,29,35
run_log,15,4,1.5373702846176391,52,28
run_log,16,3,0.7480868869639544,46,35
run_log,17,3,0.7607637987637117,46,35
run_log,18,3,1.2727727447017063,49,29
run_log,19,3,1.3859740949212729,51,31
run_log,20,4,0.4722754348393654,30,33
run_log,21,4,1.1051683950306612,47,15
run_log,22,4,1.3548752750561714,46,30
run_log,23,4,0.7082901203473047,49,34
run_log,24,4,0.27186822595840815,27,34
run_log,25,6,1.55265416314925,39,28
run_log,26,4,0.8996954993530331,28,34
run_log,27,5,0.10742338735706428,18,33
run_log,28,4,3.491219043609908,11,18
run_log,29,3,3.985499934843957,37,8
run_log,30,4,1.3604863884218101,47,36
run_log,31,4,0.8687179016899997,24,34
run_log,32,3,0.8189100669410112,51,36
run_log,33,4,1.146734340304998,16,34
run_log,34,3,1.7620047314101699,33,24
run_log,35,5,0.8389372842884145,40,35
run_log,36,4,1.796493009203303,14,30
run_log,37,4,1.9743895747988174,36,4
run_log,38,4,1.8086444679802878,19,3
run_log,39,4,0.7843528657132313,65,35
scanline_126007,0,4,3.341416081498203,24,9
scanline_126007,1,3,2.5229488505638984,55,9
scanline_126007,2,3,0.9771101133251888,32,46
scanline_126007,3,6,1.950597452938536,51,11
scanline_126007,4,6,1.8714041511593509,57,11
scanline_126007,5,6,0.9327447447024791,72,8
scanline_126007,6,5,1.5579760546766825,55,47
scanline_126007,7,6,1.8868812666275365,51,11
scanline_126007,9,6,1.9638658577852042,50,7
scanline_126007,10,6,3.5735043595145215,54,10
scanline_126007,11,3,1.633185769944732,73,7
scanline_126007,12,3,0.5411877618366057,12,7
scanline_126007,13,4,2.8186090876735586,48,10
scanline_126007,14,3,2.4273823958985563,16,9
scanline_126007,15,3,2.8422137191380923,39,9
scanline_126007,16,6,2.0287586468781864,78,11
scanline_126007,17,3,2.567585948824686,40,11
scanline_126007,18,4,3.082583755558979,74,11
scanline_126007,19,5,2.6330416380875734,20,46
scanline_126007,20,6,2.394805827129764,52,10
scanline_126007,21,6,1.255096468311158,13,12
scanline_126007,22,4,2.8819145235093035,44,10
scanline_126007,23,3,1.807083794042631,10,12
scanline_126007,24,3,3.089835992807459,42,8
scanline_126007,25,4,2.296229675275845,18,8
scanline_126007,26,6,1.1336538009616959,51,9
scanline_126007,27,6,3.8207871502387567,50,8
scanline_126007,28,5,0.7070548390389889,54,20
scanline_126007,29,3,2.8668790796431987,64,9
scanline_126007,30,3,3.163203354919294,60,36
scanline_126007,31,6,1.7561410222419327,51,12
scanline_126007,32,3,2.6683883072135766,39,9
scanline_126007,33,3,2.4173912457329294,41,7
scanline_126007,34,3,2.963227987751262,37,12
scanline_126007,35,3,2.8632005826299545,76,9
scanline_126007,36,3,2.4147555647022743,37,7
scanline_126007,37,3,2.469739942621826,70,10
scanline_126007,38,3,2.709209133404976,17,8
scanline_126007,39,6,1.6682267668919808,55,11
scanline_42049,0,4,0.6510849353140773,27,24
scanline_42049,1,4,3.9922311502013974,38,5
scanline_42049,2,3,1.0578183057219317,77,49
scanline_42049,3,4,0.6729708423699502,49,49
scanline_42049,4,5,0.7247134036946528,73,46
scanline_42049,5,4,0.6625139120592796,73,50
scanline_42049,6,3,2.4748196057298077,44,15
scanline_42049,7,4,0.6136437326072978,87,47
scanline_42049,9,4,0.5933015613368268,68,50
scanline_42049,10,6,0.7116668175800567,82,37
scanline_42049,11,3,0.5155777138934419,32,22
scanline_42049,12,6,0.8444423677877682,99,24
scanline_42049,13,5,1.646664095411039,89,16
scanline_42049,14,4,0.551173653096166,70,50
scanline_42049,15,3,0.29656599880544765,56,24
scanline_42049,16,3,0.3433977456088718,81,22
scanline_42049,17,3,0.4073370012367891,94,22
scanline_42049,18,4,0.546164796116255,79,49
scanline_42049,19,4,0.6312634642531054,85,49
scanline_42049,20,3,0.5015109017940892,71,50
scanline_42049,21,4,0.9657366447656922,91,49
scanline_42049,22,4,2.181274145118405,53,9
scanline_42049,23,3,0.5584462528419569,84,22
scanline_42049,24,5,1.4574474214104298,71,18
scanline_42049,25,3,0.4710912895996836,59,50
scanline_42049,26,4,0.8902619379666825,34,49
scanline_42049,27,4,0.34913371134568794,19,49
scanline_42049,28,4,1.9149261424271207,83,34
scanline_42049,29,4,0.493859312742602,91,22
scanline_42049,30,3,0.5202595171276896,62,24
scanline_42049,31,4,0.6965645131633365,44,50
scanline_42049,32,3,0.3025916185340129,37,22
scanline_42049,33,3,0.29865457031052944,24,24
scanline_42049,34,4,3.8453735312671657,46,8
scanline_42049,35,6,1.012234918677425,96,22
scanline_42049,36,4,0.31195232963987496,100,49
scanline_42049,37,5,3.059606648200144,28,24
scanline_42049,38,5,0.9471518356703743,67,34
scanline_42049,39,5,0.6890496889870412,92,48
seatbelts,0,6,0.7021987353957732,77,47
seatbelts,1,5,2.6823618765299524,13,12
seatbelts,2,5,0.9991741886573025,38,48
seatbelts,3,5,1.2801108790089168,56,25
seatbelts,4,6,0.8058965008801104,91,50
seatbelts,5,3,0.4372102109227831,65,50
seatbelts,6,3,0.8782493715925336,56,43
seatbelts,7,5,1.7423827683182371,13,14
seatbelts,9,6,0.7582717660333099,35,45
seatbelts,10,5,1.9813858948948442,76,16
seatbelts,11,4,0.7503478117350482,56,48
seatbelts,12,6,1.0474954741782372,68,48
seatbelts,13,5,1.8748620157168938,14,14
seatbelts,14,6,1.0804214840545825,52,45
seatbelts,15,6,0.7143303929237913,63,43
seatbelts,16,6,0.7121878951663897,55,49
seatbelts,17,6,0.7124114006604403,63,45
seatbelts,18,4,0.5403066612245034,22,50
seatbelts,19,4,0.5998306161855047,15,49
seatbelts,20,4,0.7690351991500834,66,47
seatbelts,21,4,0.9836312149679298,83,45
seatbelts,22,5,1.3186766799944167,92,13
seatbelts,23,5,1.0092157957575276,56,48
seatbelts,24,5,3.032035189800765,10,15
seatbelts,25,5,1.6132484685711914,10,14
seatbelts,26,6,0.9779398713500893,84,45
seatbelts,27,6,0.7097520194187398,95,50
seatbelts,28,4,1.0050402223086936,38,40
seatbelts,29,6,0.8139569681901777,25,46
seatbelts,30,3,0.6898063688046282,25,50
seatbelts,31,6,0.7398887820240856,36,48
seatbelts,32,6,0.6947427584135845,67,43
seatbelts,33,6,0.6967136799625301,61,44
seatbelts,34,6,0.7076695153854518,68,44
seatbelts,35,4,1.0007254171178372,60,45
seatbelts,36,6,0.6991612019262159,63,45
seatbelts,37,5,2.0818680380273413,73,20
seatbelts,38,6,1.5534936243801936,53,14
seatbelts,39,5,2.0151216195897166,10,15
shanghai_license,0,5,0.8238048314351403,20,46
shanghai_license,1,5,0.6367888327407984,94,30
shanghai_license,2,3,1.0438952791867984,61,45
shanghai_license,3,5,1.9649541196147844,23,32
shanghai_license,4,5,2.2995202112908237,54,31
shanghai_license,5,5,0.3734951289358814,58,43
shanghai_license,6,5,3.6174341153208647,93,33
shanghai_license,7,5,2.82954863161139,21,22
shanghai_license,9,5,1.8943551019831988,33,21
shanghai_license,10,5,2.746570230734022,73,12
shanghai_license,11,5,0.545953522874622,39,43
shanghai_license,12,5,0.1168897962252765,59,24
shanghai_license,13,6,3.886121913077433,71,46
shanghai_license,14,5,0.8144893745132853,81,29
shanghai_license,15,5,0.6553550285400389,94,28
shanghai_license,16,5,1.8864765294629178,35,36
shanghai_license,17,5,0.8082660202520745,65,48
shanghai_license,18,5,2.329660909981534,93,26
shanghai_license,19,5,3.8877968087063093,26,47
shanghai_license,20,5,3.2022005437295835,50,46
shanghai_license,21,5,1.2706435077112117,32,29
shanghai_license,22,5,1.8336582452937045,19,36
shanghai_license,23,5,3.9938098623632805,19,39
shanghai_license,24,5,0.568591452402238,77,27
shanghai_license,25,5,0.5391872103285581,27,43
shanghai_license,26,5,1.3044272077408023,38,6
shanghai_license,27,6,3.4662889092404012,34,37
shanghai_license,28,5,1.725473552615593,34,36
shanghai_license,29,5,0.2615185037726856,11,45
shanghai_license,30,5,0.5787913233430609,52,26
shanghai_license,31,5,1.6575448161243191,40,30
shanghai_license,32,5,0.9993531459366869,21,32
shanghai_license,33,5,0.7197008597074076,32,26
shanghai_license,34,5,0.7030617737388605,85,30
shanghai_license,35,4,3.205426656793381,17,23
shanghai_license,36,5,0.7006990211124805,70,30
shanghai_license,37,5,0.35067480196743067,64,27
shanghai_license,38,5,2.3645213457705303,89,25
shanghai_license,39,5,1.5243266855526607,34,18
uk_coal_employ,0,4,2.799375854344604,66,9
uk_coal_employ,1,4,0.24398677688571366,12,21
uk_coal_employ,2,5,0.16468423369817745,30,21
uk_coal_employ,3,6,3.716251753342435,96,34
uk_coal_employ,4,6,2.466988139040975,32,43
uk_coal_employ,5,5,1.492835269087981,87,29
uk_coal_employ,6,5,1.3934030989008324,36,4
uk_coal_employ,7,6,1.9998020967533354,21,27
uk_coal_employ,9,3,2.8160335439707063,15,41
uk_coal_employ,10,5,0.7693945766113638,77,9
uk_coal_employ,11,4,2.2027313747488044,17,44
uk_coal_employ,12,4,1.5096306920627387,83,50
uk_coal_employ,13,3,1.9131026365161141,54,12
uk_coal_employ,14,3,3.5515022830699916,61,49
uk_coal_employ,15,6,1.337199867314129,97,39
uk_coal_employ,16,4,2.5828412630605078,52,16
uk_coal_employ,17,4,1.5433920772894143,51,44
uk_coal_employ,18,6,0.8726439839255196,40,14
uk_coal_employ,19,6,3.8508898759633015,27,32
uk_coal_employ,20,5,0.871399714402399,72,49
uk_coal_employ,21,4,1.7963281470256842,28,47
uk_coal_employ,22,6,2.4565048970273513,31,16
uk_coal_employ,23,6,0.361045514288751,67,45
uk_coal_employ,24,5,0.675297277817885,35,26
uk_coal_employ,26,4,1.019827357349375,17,6
uk_coal_employ,27,5,2.7106331097601695,45,26
uk_coal_employ,28,5,0.7943823559767308,92,44
uk_coal_employ,29,4,1.5604287066103733,36,45
uk_coal_employ,30,4,1.7788314163482557,17,46
uk_coal_employ,31,5,2.7090318939786626,38,38
uk_coal_employ,32,4,3.0641181505212853,19,18
uk_coal_employ,33,4,2.439244100715817,82,18
uk_coal_employ,34,4,0.15384202525108037,60,26
uk_coal_employ,35,6,3.3081456099532174,89,30
uk_coal_employ,36,5,0.14716982045539517,93,26
uk_coal_employ,37,5,1.7481224699023719,55,35
uk_coal_employ,38,6,1.5713182599011812,70,6
uk_coal_employ,39,3,1.3453917730247262,76,47
unemployment_nl,0,3,2.414097947126213,25,7
unemployment_nl,1,3,1.167382885581769,50,27
unemployment_nl,2,3,0.9936681095154702,22,24
unemployment_nl,3,6,2.2375715428260894,28,4
unemployment_nl,4,4,0.8139600810648593,77,31
unemployment_nl,5,3,1.9722768742389878,84,7
unemployment_nl,6,3,2.982100887202743,87,7
unemployment_nl,7,3,2.6023305428337333,26,8
unemployment_nl,9,5,1.5889850209803675,28,22
unemployment_nl,10,5,1.958585600198511,13,27
unemployment_nl,11,3,2.3490571422397557,37,9
unemployment_nl,12,3,0.39342453009849215,66,3
unemployment_nl,13,3,2.1400858246317975,27,9
unemployment_nl,14,3,3.3584966078087803,64,9
unemployment_nl,15,4,0.9010486344483382,42,30
unemployment_nl,16,3,3.914403415023681,39,9
unemployment_nl,17,3,3.915273775535513,96,9
unemployment_nl,18,6,0.1015057939072686,81,50
unemployment_nl,19,6,0.10521872042539207,96,50
unemployment_nl,20,6,3.522219013543433,27,10
unemployment_nl,21,5,1.2968118072754815,72,10
unemployment_nl,22,3,2.6455245044674838,34,8
unemployment_nl,23,3,2.0153512643656986,35,7
unemployment_nl,24,5,2.2371301029055526,15,23
unemployment_nl,25,3,2.351146589559422,37,8
unemployment_nl,26,6,1.156227624753347,31,11
unemployment_nl,27,3,3.8669656274213886,25,9
unemployment_nl,28,4,0.984138464803936,68,34
unemployment_nl,29,3,0.17677118728924254,29,36
unemployment_nl,30,3,0.5497949310198678,62,50
unemployment_nl,31,4,3.756281577283804,18,5
unemployment_nl,32,3,0.9578859814118034,64,32
unemployment_nl,33,4,0.9047202213301783,93,32
unemployment_nl,34,4,0.25901176680725024,98,34
unemployment_nl,35,5,1.153481759680465,97,8
unemployment_nl,36,6,3.203350359551351,70,6
unemployment_nl,37,3,0.7548157080109461,47,31
unemployment_nl,38,3,2.4404320693560795,25,8
unemployment_nl,39,5,1.4440424453281238,30,22
us_population,0,5,3.8397198218566473,91,17
us_population,1,3,3.997480914325945,100,50
us_population,2,4,0.16144376559386694,93,43
us_population,3,5,3.490821237287461,94,21
us_population,4,5,3.5033112490966687,91,17
us_population,5,5,3.9970682235767327,89,19
us_population,6,5,3.994571628795975,91,43
us_population,7,5,3.7459362898459423,90,30
us_population,9,5,3.761755956199198,90,27
us_population,10,4,3.9927409697410314,99,44
us_population,11,5,3.853979755888413,94,43
us_population,12,4,0.5443286458935976,38,42
us_population,13,5,3.830121692737982,92,10
us_population,14,5,3.711697437169916,93,24
us_population,15,3,3.9994963901929763,100,15
us_population,16,3,3.997566626488063,100,17
us_population,17,3,3.997994253540123,100,18
us_population,18,5,3.9649200205839548,91,31
us_population,19,3,3.929085166341205,96,37
us_population,20,3,3.7830199029674807,92,46
us_population,21,6,1.1647346864537984,58,17
us_population,22,5,3.8556140717226226,91,13
us_population,23,5,3.707480733814681,94,38
us_population,24,3,3.9256022828157286,100,28
us_population,25,5,3.8241197268078104,94,32
us_population,26,4,1.1962675964782856,47,40
us_population,27,4,3.9975616337188145,99,15
us_population,28,5,0.27224430957289214,99,49
us_population,29,6,2.862786261417738,90,40
us_population,30,6,1.1325498629962378,22,18
us_population,31,5,3.0767133097221326,100,26
us_population,32,3,3.9967673529302616,100,23
us_population,33,3,3.9292237259235927,100,39
us_population,34,3,3.9980863712018766,100,32
us_population,35,3,1.8107532273335427,55,37
us_population,36,6,3.9992153325629327,100,19
us_population,37,5,3.9974570896262134,100,16
us_population,38,3,3.780315312582971,91,47
us_population,39,5,3.7716038573982775,82,37
usd_isk,0,3,2.2060822218136455,27,22
usd_isk,1,3,1.3599288990327931,50,30
usd_isk,2,3,0.9938892869387567,60,30
usd_isk,3,3,1.1489373224710409,51,30
usd_isk,4,3,1.051302167375163,57,32
usd_isk,5,3,2.1693584945998152,27,22
usd_isk,6,3,2.465336953547502,19,25
usd_isk,7,3,1.1365607119849273,68,31
usd_isk,9,3,1.1419256050113866,99,28
usd_isk,10,3,1.2886714411682947,46,33
usd_isk,11,3,2.2889589877022907,18,27
usd_isk,12,3,0.9842273001233495,58,32
usd_isk,13,3,2.219617645581606,25,27
usd_isk,14,3,1.1334980804697505,46,28
usd_isk,15,3,1.2193072824338413,42,31
usd_isk,16,3,1.3434017452076463,66,32
usd_isk,17,3,1.329423567851983,99,28
usd_isk,18,3,2.1126659201634226,50,32
usd_isk,19,3,2.2402557213258056,12,38
usd_isk,20,3,2.395679957898777,25,22
usd_isk,21,3,2.1046323298855674,13,25
usd_isk,22,3,2.2734965715338715,27,20
usd_isk,23,3,1.1154740655562634,83,29
usd_isk,24,3,1.3647925146585471,64,28
usd_isk,25,3,2.0869982007641075,13,25
usd_isk,26,3,1.0038603248844526,45,28
usd_isk,27,3,1.2951671577836124,40,31
usd_isk,28,3,0.9886397696979106,53,30
usd_isk,29,3,2.502634527147655,79,24
usd_isk,30,5,1.306644414981037,97,19
usd_isk,31,3,1.0643008548532955,68,29
usd_isk,32,3,1.3374229422558015,96,28
usd_isk,33,3,1.3872584651321198,84,29
usd_isk,34,3,1.308932745532556,98,33
usd_isk,35,3,1.2515962771118003,25,25
usd_isk,36,3,1.295263375008323,64,29
usd_isk,37,3,1.2573549059986617,77,30
usd_isk,38,3,1.1441990396023949,67,33
usd_isk,39,3,1.9201981158850758,16,23
well_log,0,5,0.7402876280690873,92,5
well_log,1,3,0.2766249109740416,79,26
well_log,2,4,0.9994989209244184,14,46
well_log,3,5,0.7229573538772774,92,3
well_log,4,6,2.2132081619676818,37,12
well_log,5,6,0.4215851448884292,55,30
well_log,6,3,1.664018272296224,58,3
well_log,7,3,0.5261534092128217,89,27
well_log,9,5,0.7246160552775864,84,9
well_log,10,3,0.2682459633361388,21,25
well_log,11,5,0.675592848473371,72,4
well_log,12,3,0.9003791606387999,69,24
well_log,13,6,1.9534091658013275,28,5
well_log,14,3,0.4997046731333531,51,26
well_log,15,3,0.45967470094737917,85,22
well_log,16,3,0.4230924137855774,93,15
well_log,17,3,0.46348655758502866,91,22
well_log,18,3,0.37976160045781404,12,44
well_log,19,4,1.5094038553673368,18,20
well_log,20,6,2.2958352478917536,49,3
well_log,21,5,1.0155250564833425,54,3
well_log,22,6,1.8811151386050433,27,3
well_log,23,3,0.6796564120262947,65,23
well_log,24,3,0.27195888266244833,77,26
well_log,25,5,0.6817435324105459,72,11
well_log,26,6,0.9779833558409585,58,21
well_log,27,3,0.2644867200277824,30,26
well_log,28,3,0.9942345482858671,12,38
well_log,29,6,2.5408409611539438,80,12
well_log,30,5,0.6248275892995714,47,6
well_log,31,6,2.01665123061258,51,9
well_log,32,5,0.47605142707532977,93,5
well_log,33,3,0.461763552124611,49,22
well_log,34,3,0.28086277811799054,80,25
well_log,35,3,0.9417143042855273,98,29
well_log,36,3,0.2836199239880907,45,27
well_log,37,3,0.25456222845089377,69,27
well_log,38,5,0.5303214388837927,37,29
well_log,39,6,2.150654416946952,30,4
