file_name, index, energy_consumed(J), time_used(ms)
bank.csv, 0, 0.2004142203622647,  689.5333 
shanghai_license.csv, 0, 0.02907320450530444,  98.95098 
nile.csv, 0, 0.11368202226215579,  387.5 
construction.csv, 0, 0.8464476195677122,  2880.5 
well_log.csv, 0, 0.48421536165580825,  1651.6 
centralia.csv, 0, 0.002946976934733295,  9.945328 
gdp_japan.csv, 0, 0.006230498135257683,  21.16279 
jfk_passengers.csv, 0, 0.16819688043294356,  573.3889 
businv.csv, 0, 0.24802941302272608,  847.9167 
quality_control_4.csv, 0, 0.15625072584190933,  535.8421 
brent_spot.csv, 0, 0.11082426932542189,  374.3704 
robocalls.csv, 0, 0.045378063834227496,  153.9077 
ozone.csv, 0, 0.005512530742845164,  18.70654 
scanline_42049.csv, 0, 0.08987408547168076,  304.303 
seatbelts.csv, 0, 0.06199058615143738,  211.9375 
bee_waggle_6.csv, 0, 0.1790059105315578,  623.1765 
quality_control_2.csv, 0, 0.2765453516420344,  939.1818 
children_per_woman.csv, 0, 0.27632898492611896,  946.4545 
apple.csv, 0, 0.15211319614141203,  522.1 
run_log.csv, 0, 0.05216412759116577,  178.6786 
scanline_126007.csv, 0, 0.08477287789838865,  286.8286 
unemployment_nl.csv, 0, 0.08279990058612559,  279.5 
gdp_iran.csv, 0, 0.027140215671714363,  92.07339 
co2_canada.csv, 0, 0.06502640577630567,  220.6304 
lga_passengers.csv, 0, 0.6412560937763686,  2183.4 
rail_lines.csv, 0, 0.012551516091772125,  42.38559 
occupancy.csv, 0, 0.40241523179283833,  1399.7 
uk_coal_employ.csv, 0, 0.10474253503790695,  355.2758 
bitcoin.csv, 0, 0.19589374307302698,  663.4375 
quality_control_3.csv, 0, 0.05825961974361618,  197.7451 
measles.csv, 0, 0.3696074516378133,  1260.6 
us_population.csv, 0, 0.6126360971270003,  2092.8 
gdp_argentina.csv, 0, 0.04080231403800908,  138.3973 
quality_control_5.csv, 0, 0.11538160712816009,  393.9615 
debt_ireland.csv, 0, 0.004738109283155736,  15.95056 
gdp_croatia.csv, 0, 0.003996957421237707,  13.49798 
ratner_stock.csv, 0, 0.3375916382544034,  1146.5 
quality_control_1.csv, 0, 0.03485446205047339,  117.3953 
usd_isk.csv, 0, 0.062590572259363,  211.8125 
iceland_tourism.csv, 0, 0.08545635966539668,  292.3714 
homeruns.csv, 0, 0.11180301244035015,  378.1111 
global_co2.csv, 0, 0.09598081938359414,  327.9355 
bank.csv, 1, 0.24027068327310985,  819.6923 
shanghai_license.csv, 1, 0.1858610872297799,  636.0 
nile.csv, 1, 0.06983243918021312,  236.5814 
construction.csv, 1, 0.8757305618063498,  2976.4 
well_log.csv, 1, 0.7740960275984264,  2624.1 
centralia.csv, 1, 0.002574991104234067,  8.649093 
gdp_japan.csv, 1, 0.06177778764803558,  210.3333 
jfk_passengers.csv, 1, 0.07798683801740636,  264.8158 
businv.csv, 1, 0.5616095132649775,  1904.7 
quality_control_4.csv, 1, 0.15351151115710024,  519.7 
brent_spot.csv, 1, 0.26026627108187955,  880.3333 
robocalls.csv, 1, 0.03657411651812342,  123.2805 
ozone.csv, 1, 0.005785730486372875,  19.55664 
scanline_42049.csv, 1, 0.236374436349645,  801.2308 
seatbelts.csv, 1, 0.025849459853006226,  87.16521 
bee_waggle_6.csv, 1, 0.1777154757605819,  618.0588 
quality_control_2.csv, 1, 0.055047165808645104,  185.9074 
children_per_woman.csv, 1, 0.29156061277128936,  995.8182 
apple.csv, 1, 0.53586299293205,  1844.9 
run_log.csv, 1, 0.26758705094467605,  916.5455 
scanline_126007.csv, 1, 0.4364716713991811,  1478.4 
unemployment_nl.csv, 1, 0.12375782933260145,  419.7083 
gdp_iran.csv, 1, 0.07908670236714131,  268.2632 
co2_canada.csv, 1, 0.11496792527136808,  389.0385 
lga_passengers.csv, 1, 0.5241885434495828,  1787.1 
rail_lines.csv, 1, 0.01918502405106783,  64.47436 
occupancy.csv, 1, 1.3681604257390176,  4751.4 
uk_coal_employ.csv, 1, 0.015590463853265802,  52.77369 
bitcoin.csv, 1, 0.253367540606708,  857.8333 
quality_control_3.csv, 1, 0.07786960019760757,  264.7632 
measles.csv, 1, 0.57840103601701,  1975.5 
us_population.csv, 1, 1.7910552396367563,  6103.8 
gdp_argentina.csv, 1, 0.007789355456247874,  26.51323 
quality_control_5.csv, 1, 0.10067247254523484,  344.2667 
debt_ireland.csv, 1, 0.004985127037354704,  16.72742 
gdp_croatia.csv, 1, 0.00417333424492287,  14.09859 
ratner_stock.csv, 1, 0.24485388422781304,  836.1667 
quality_control_1.csv, 1, 0.20225853846800798,  690.2667 
usd_isk.csv, 1, 0.178032443888449,  604.2941 
iceland_tourism.csv, 1, 0.12766095334731506,  436.7826 
homeruns.csv, 1, 0.060277169599258947,  204.9184 
global_co2.csv, 1, 0.08477674476608367,  289.2571 
bank.csv, 2, 0.0639038890008075,  216.9574 
shanghai_license.csv, 2, 0.11187818630837346,  383.2963 
nile.csv, 2, 0.040960393271990685,  139.2778 
construction.csv, 2, 0.4735203123767178,  1625.0 
well_log.csv, 2, 0.0831477928362953,  283.8055 
centralia.csv, 2, 0.002609661802351703,  8.795955 
gdp_japan.csv, 2, 0.0048819861619723865,  16.53554 
jfk_passengers.csv, 2, 0.08340646804732425,  282.0833 
businv.csv, 2, 0.19019487257201462,  652.6875 
quality_control_4.csv, 2, 0.20015398558659853,  686.0 
brent_spot.csv, 2, 0.5506629045603063,  1881.7 
robocalls.csv, 2, 0.005071918821593353,  17.23752 
ozone.csv, 2, 0.004336919547794837,  14.72901 
scanline_42049.csv, 2, 0.36700606933603697,  1257.1 
seatbelts.csv, 2, 0.019460201138873638,  66.29801 
bee_waggle_6.csv, 2, 0.40721455965353925,  1431.3 
quality_control_2.csv, 2, 0.12065637489108667,  410.88 
children_per_woman.csv, 2, 0.11752256126114843,  400.52 
apple.csv, 2, 0.09081202721977481,  309.4243 
run_log.csv, 2, 0.06505727501761764,  224.0222 
scanline_126007.csv, 2, 0.07959437208697526,  271.2433 
unemployment_nl.csv, 2, 0.03090769373373566,  104.5313 
gdp_iran.csv, 2, 0.010202420431172523,  34.51379 
co2_canada.csv, 2, 0.07477560033643946,  257.2051 
lga_passengers.csv, 2, 0.08215545410731945,  280.0833 
rail_lines.csv, 2, 0.0056700569592277456,  19.13193 
occupancy.csv, 2, 0.2174155574423204,  758.6429 
uk_coal_employ.csv, 2, 0.010997934568411786,  37.28625 
bitcoin.csv, 2, 0.1563905492098875,  537.0 
quality_control_3.csv, 2, 0.15561988747837355,  533.2105 
measles.csv, 2, 0.2127438985113161,  729.3571 
us_population.csv, 2, 0.2562670434441827,  880.25 
gdp_argentina.csv, 2, 0.005980565081968043,  20.48875 
quality_control_5.csv, 2, 0.31296222881379665,  1073.9 
debt_ireland.csv, 2, 0.0036920767455416725,  12.4323 
gdp_croatia.csv, 2, 0.0030969488120282623,  10.46967 
ratner_stock.csv, 2, 0.13763210061329223,  470.2273 
quality_control_1.csv, 2, 0.02427771327336547,  82.78513 
usd_isk.csv, 2, 0.18532534879611973,  633.3125 
iceland_tourism.csv, 2, 0.04424329438236938,  150.7612 
homeruns.csv, 2, 0.26598216604950475,  912.6364 
global_co2.csv, 2, 0.011227620749746932,  38.37548 
bank.csv, 3, 0.18672587498812732,  636.3125 
shanghai_license.csv, 3, 0.025241542042959527,  85.83761 
nile.csv, 3, 0.1266508770422945,  431.5 
construction.csv, 3, 0.3933063124380851,  1334.3 
well_log.csv, 3, 0.5232258549489757,  1783.8 
centralia.csv, 3, 0.0028932711940030664,  9.774414 
gdp_japan.csv, 3, 0.006130963023887012,  20.78423 
jfk_passengers.csv, 3, 0.28049095788539735,  955.8182 
businv.csv, 3, 0.1594012819815649,  544.3158 
quality_control_4.csv, 3, 0.11344568075911027,  386.6538 
brent_spot.csv, 3, 0.10904800756198288,  368.3571 
robocalls.csv, 3, 0.01941579448761007,  65.56209 
ozone.csv, 3, 0.0053908461655779545,  18.32784 
scanline_42049.csv, 3, 0.0789447426209455,  269.0 
seatbelts.csv, 3, 0.09965065853875785,  339.5333 
bee_waggle_6.csv, 3, 0.25582960552939465,  889.0 
quality_control_2.csv, 3, 0.09909159881790022,  337.9 
children_per_woman.csv, 3, 0.71529331364261,  2434.2 
apple.csv, 3, 0.3081459317868962,  1060.7 
run_log.csv, 3, 0.09525364163848295,  326.4839 
scanline_126007.csv, 3, 0.10851776428185238,  369.25 
unemployment_nl.csv, 3, 0.047001311662433584,  159.2857 
gdp_iran.csv, 3, 0.0276663219822229,  93.98131 
co2_canada.csv, 3, 0.06255634527569498,  211.25 
lga_passengers.csv, 3, 0.34269337370873243,  1170.2 
rail_lines.csv, 3, 0.012277283952698781,  41.56017 
occupancy.csv, 3, 1.1835363364033697,  4104.7 
uk_coal_employ.csv, 3, 0.0895126329968951,  305.8788 
bitcoin.csv, 3, 0.18999725504417597,  647.1875 
quality_control_3.csv, 3, 0.07402414172625811,  251.725 
measles.csv, 3, 0.09837592406524891,  334.6667 
us_population.csv, 3, 0.5900792246545734,  2015.6 
gdp_argentina.csv, 3, 0.007341600108291682,  25.10526 
quality_control_5.csv, 3, 0.03801510755384896,  128.7949 
debt_ireland.csv, 3, 0.004665873326881952,  15.73899 
gdp_croatia.csv, 3, 0.002997493623942827,  10.14402 
ratner_stock.csv, 3, 0.06118084960144652,  207.2041 
quality_control_1.csv, 3, 0.20481188454049667,  696.4 
usd_isk.csv, 3, 0.16729881848966166,  569.7778 
iceland_tourism.csv, 3, 0.02396839030045686,  81.41463 
homeruns.csv, 3, 0.015326135627889969,  51.83938 
global_co2.csv, 3, 0.07924232077562625,  271.4865 
bank.csv, 4, 0.09640778851289064,  326.5161 
shanghai_license.csv, 4, 0.08272662431063003,  283.0278 
nile.csv, 4, 0.01759587264894725,  59.73214 
construction.csv, 4, 0.6628059081033711,  2250.4 
well_log.csv, 4, 0.17515928007578488,  595.1765 
centralia.csv, 4, 0.003833971550708949,  12.96373 
gdp_japan.csv, 4, 0.00844410599132323,  28.7106 
jfk_passengers.csv, 4, 0.5099323307730856,  1739.4 
businv.csv, 4, 0.15173852189439002,  516.65 
quality_control_4.csv, 4, 0.06516931864604077,  222.4444 
brent_spot.csv, 4, 0.1260160802384386,  426.5 
robocalls.csv, 4, 0.029375508134875203,  99.23763 
ozone.csv, 4, 0.010625691725529254,  36.07194 
scanline_42049.csv, 4, 0.26787881669720676,  916.6364 
seatbelts.csv, 4, 0.10543373871512683,  361.0 
bee_waggle_6.csv, 4, 0.15301933055817293,  532.9474 
quality_control_2.csv, 4, 0.19939758459395307,  679.5333 
children_per_woman.csv, 4, 0.2845055955676592,  973.5455 
apple.csv, 4, 0.16871855499851385,  579.1111 
run_log.csv, 4, 0.12657057005169273,  429.7917 
scanline_126007.csv, 4, 0.14023129802282192,  477.6667 
unemployment_nl.csv, 4, 0.08169145727386093,  278.1945 
gdp_iran.csv, 4, 0.03205412188337201,  108.6667 
co2_canada.csv, 4, 0.045900735882336306,  155.7538 
lga_passengers.csv, 4, 0.09916757196241785,  335.6333 
rail_lines.csv, 4, 0.014262500146573896,  48.21154 
occupancy.csv, 4, 0.2226170453726494,  773.8461 
uk_coal_employ.csv, 4, 0.012889221638529267,  43.94737 
bitcoin.csv, 4, 0.21709558806394721,  738.9286 
quality_control_3.csv, 4, 0.04450857366867405,  151.7576 
measles.csv, 4, 0.2005295830823646,  684.9333 
us_population.csv, 4, 0.6793821583064983,  2320.4 
gdp_argentina.csv, 4, 0.018440740656924047,  62.97484 
quality_control_5.csv, 4, 0.46601062802865273,  1592.8 
debt_ireland.csv, 4, 0.0054008371843641675,  18.25 
gdp_croatia.csv, 4, 0.003450080217859996,  11.68458 
ratner_stock.csv, 4, 0.517957697712859,  1768.9 
quality_control_1.csv, 4, 0.1275218440363974,  436.7391 
usd_isk.csv, 4, 0.22131436042764108,  756.4286 
iceland_tourism.csv, 4, 0.07996118516141267,  273.4595 
homeruns.csv, 4, 0.01585004034797005,  53.77419 
global_co2.csv, 4, 0.0899734179729559,  308.4849 
bank.csv, 5, 0.07168914693882959,  244.0244 
shanghai_license.csv, 5, 0.057377812448700855,  195.6538 
nile.csv, 5, 0.01601551071423209,  54.38587 
construction.csv, 5, 0.20459724816297845,  698.6 
well_log.csv, 5, 0.1369519660613812,  466.9091 
centralia.csv, 5, 0.0028340124874098654,  9.555874 
gdp_japan.csv, 5, 0.004937836767823955,  16.80033 
jfk_passengers.csv, 5, 0.13550379177024752,  464.8636 
businv.csv, 5, 0.5291048168459611,  1809.8 
quality_control_4.csv, 5, 0.048415531446790575,  164.7705 
brent_spot.csv, 5, 0.12390411839830524,  420.3333 
robocalls.csv, 5, 0.01948503169074428,  65.72549 
ozone.csv, 5, 0.004369633687933694,  14.85905 
scanline_42049.csv, 5, 0.28123105991765196,  963.1818 
seatbelts.csv, 5, 0.07759140796274192,  266.0789 
bee_waggle_6.csv, 5, 0.35494188241700614,  1247.3 
quality_control_2.csv, 5, 0.07988379201437228,  272.3243 
children_per_woman.csv, 5, 0.24380998251456276,  838.6667 
apple.csv, 5, 0.1235017060854678,  424.5417 
run_log.csv, 5, 0.07560713782895152,  257.0513 
scanline_126007.csv, 5, 0.16642866788077348,  566.1667 
unemployment_nl.csv, 5, 0.3923234790225479,  1341.4 
gdp_iran.csv, 5, 0.030771273510294368,  104.5208 
co2_canada.csv, 5, 0.04866770148400899,  164.9672 
lga_passengers.csv, 5, 0.151315718410774,  515.2 
rail_lines.csv, 5, 0.009795746383402778,  32.97697 
occupancy.csv, 5, 0.5183216622797999,  1807.6 
uk_coal_employ.csv, 5, 0.09122734609214107,  311.5151 
bitcoin.csv, 5, 0.09627481516179526,  324.7419 
quality_control_3.csv, 5, 0.030041342819263912,  102.1735 
measles.csv, 5, 0.11620668638503363,  395.8462 
us_population.csv, 5, 0.4498707252878148,  1539.3 
gdp_argentina.csv, 5, 0.006073343415078679,  20.76971 
quality_control_5.csv, 5, 0.05200307625120347,  177.3684 
debt_ireland.csv, 5, 0.004627499312001708,  15.52093 
gdp_croatia.csv, 5, 0.0024323461745034934,  8.215928 
ratner_stock.csv, 5, 0.04849323053618689,  163.5806 
quality_control_1.csv, 5, 0.10970473099231876,  376.7778 
usd_isk.csv, 5, 0.0496136965031269,  167.3167 
iceland_tourism.csv, 5, 0.11981257933227425,  410.2 
homeruns.csv, 5, 0.07904873680315393,  267.5789 
global_co2.csv, 5, 0.08266074744057682,  283.0 
bank.csv, 6, 0.10361266655605379,  352.069 
shanghai_license.csv, 6, 0.13976523573034597,  478.3333 
nile.csv, 6, 0.027342620744434498,  92.67593 
construction.csv, 6, 0.6414171035389927,  2193.4 
well_log.csv, 6, 0.5815869742912128,  1974.8 
centralia.csv, 6, 0.0019648654971296618,  6.623179 
gdp_japan.csv, 6, 0.0049663003088413924,  16.8769 
jfk_passengers.csv, 6, 0.15941283782483065,  546.8421 
businv.csv, 6, 0.15967548468199166,  542.7368 
quality_control_4.csv, 6, 0.07554580262320507,  258.641 
brent_spot.csv, 6, 0.41954283503280293,  1436.1 
robocalls.csv, 6, 0.03420402571917544,  115.4943 
ozone.csv, 6, 0.007389268306338467,  25.11278 
scanline_42049.csv, 6, 0.30852945534793436,  1050.5 
seatbelts.csv, 6, 0.09829657984799572,  335.2333 
bee_waggle_6.csv, 6, 0.10263763664305056,  358.4643 
quality_control_2.csv, 6, 0.06168732057095857,  209.3542 
children_per_woman.csv, 6, 0.4054238711937387,  1387.7 
apple.csv, 6, 0.06492874446496938,  220.7174 
run_log.csv, 6, 0.09742839257807,  332.9032 
scanline_126007.csv, 6, 0.06969559801541436,  237.7674 
unemployment_nl.csv, 6, 0.321013511558408,  1095.4 
gdp_iran.csv, 6, 0.04007934799033506,  136.3649 
co2_canada.csv, 6, 0.05748640040606618,  195.9615 
lga_passengers.csv, 6, 0.9581313326932104,  3269.2 
rail_lines.csv, 6, 0.009822825884916696,  33.06931 
occupancy.csv, 6, 0.06789473551509673,  232.5 
uk_coal_employ.csv, 6, 0.025454106043622995,  86.19658 
bitcoin.csv, 6, 0.08916485590508968,  301.2941 
quality_control_3.csv, 6, 0.10553570993203364,  361.3214 
measles.csv, 6, 0.26108533115600113,  894.0833 
us_population.csv, 6, 0.43384668012838573,  1491.1 
gdp_argentina.csv, 6, 0.009713085663797425,  33.15232 
quality_control_5.csv, 6, 0.04966563292961534,  168.9167 
debt_ireland.csv, 6, 0.0037593427532398136,  12.64981 
gdp_croatia.csv, 6, 0.00244401672866828,  8.245672 
ratner_stock.csv, 6, 0.12784250185507062,  434.2917 
quality_control_1.csv, 6, 0.06249220165788292,  213.2553 
usd_isk.csv, 6, 0.03819669131637628,  129.3462 
iceland_tourism.csv, 6, 0.02635876212598989,  89.15929 
homeruns.csv, 6, 0.13287021822609701,  452.0435 
global_co2.csv, 6, 0.05624533429512177,  192.8846 
bank.csv, 7, 0.09437547390501777,  321.1563 
shanghai_license.csv, 7, 0.03105694425040184,  104.9688 
nile.csv, 7, 0.019068159047267913,  64.27564 
construction.csv, 7, 0.2443940142921537,  831.1539 
well_log.csv, 7, 1.054719173139779,  3569.7 
centralia.csv, 7, 0.00882521578420571,  29.71513 
gdp_japan.csv, 7, 0.007602496008009369,  25.67949 
jfk_passengers.csv, 7, 0.1217957609545283,  410.12 
businv.csv, 7, 0.6926122284515486,  2345.8 
quality_control_4.csv, 7, 0.1861885184626857,  635.4375 
brent_spot.csv, 7, 0.1418802646621446,  478.1429 
robocalls.csv, 7, 0.020582540364095056,  69.32413 
ozone.csv, 7, 0.011654580168528899,  39.33725 
scanline_42049.csv, 7, 0.6606788082557842,  2243.4 
seatbelts.csv, 7, 0.03180346692771464,  107.1809 
bee_waggle_6.csv, 7, 0.12408044436719479,  430.9167 
quality_control_2.csv, 7, 0.30097375721352365,  1026.3 
children_per_woman.csv, 7, 0.3071260794112504,  1047.1 
apple.csv, 7, 0.1714921975631114,  584.1667 
run_log.csv, 7, 0.16937227353629522,  577.0 
scanline_126007.csv, 7, 0.13697412305327816,  463.6818 
unemployment_nl.csv, 7, 0.10413512859396837,  352.2069 
gdp_iran.csv, 7, 0.03284549954107636,  110.4505 
co2_canada.csv, 7, 0.035383049628484015,  119.631 
lga_passengers.csv, 7, 0.1118897392006804,  377.037 
rail_lines.csv, 7, 0.015767275085816563,  53.19681 
occupancy.csv, 7, 0.4732859543831637,  1640.6 
uk_coal_employ.csv, 7, 0.013229117864402238,  44.67857 
bitcoin.csv, 7, 0.20639532461924925,  702.2 
quality_control_3.csv, 7, 0.9703013935421041,  3291.5 
measles.csv, 7, 0.2533181334404162,  859.0 
us_population.csv, 7, 0.6342369945753035,  2157.9 
gdp_argentina.csv, 7, 0.009008626484724482,  30.71472 
quality_control_5.csv, 7, 0.05048976902075684,  171.5424 
debt_ireland.csv, 7, 0.005968427270220933,  20.07816 
gdp_croatia.csv, 7, 0.0037952999747386247,  12.82179 
ratner_stock.csv, 7, 0.0996460224292529,  336.2333 
quality_control_1.csv, 7, 0.6253612730392433,  2127.2 
usd_isk.csv, 7, 0.3780387108819923,  1284.6 
iceland_tourism.csv, 7, 0.1882547876825953,  643.0625 
homeruns.csv, 7, 0.024107844201804195,  81.55285 
global_co2.csv, 7, 0.11390326321308154,  388.8462 
bank.csv, 8, 0.1203873997284336,  411.48 
shanghai_license.csv, 8, 0.03595042357184267,  122.061 
nile.csv, 8, 0.09563636588997372,  326.5807 
construction.csv, 8, 0.4345900431482505,  1482.4 
well_log.csv, 8, 0.42407137530494765,  1451.4 
centralia.csv, 8, 0.0029731376662206948,  10.04518 
gdp_japan.csv, 8, 0.005557471556127184,  18.91493 
jfk_passengers.csv, 8, 0.21530226967947133,  738.7857 
businv.csv, 8, 0.6489318590105768,  2221.0 
quality_control_4.csv, 8, 0.24208237210693648,  829.7692 
brent_spot.csv, 8, 0.10670442615612988,  360.1429 
robocalls.csv, 8, 0.03508454851477622,  118.3765 
ozone.csv, 8, 0.00834471704096703,  28.30791 
scanline_42049.csv, 8, 0.21874839612363367,  746.7143 
seatbelts.csv, 8, 0.018602635528427353,  63.61393 
bee_waggle_6.csv, 8, 0.1017536241057816,  354.6552 
quality_control_2.csv, 8, 0.3318849304639343,  1136.6 
children_per_woman.csv, 8, 0.34224624070036497,  1172.0 
apple.csv, 8, 0.06644682557514546,  228.0455 
run_log.csv, 8, 0.08694873347593891,  299.2353 
scanline_126007.csv, 8, 0.09813488550889057,  335.2667 
unemployment_nl.csv, 8, 0.03970213614570942,  134.9067 
gdp_iran.csv, 8, 0.02486152849535244,  84.36975 
co2_canada.csv, 8, 0.03525767923102172,  119.8214 
lga_passengers.csv, 8, 0.12113119620323232,  408.64 
rail_lines.csv, 8, 0.011001182521304179,  37.18587 
occupancy.csv, 8, 0.10531238667583206,  363.5 
uk_coal_employ.csv, 8, 0.018296210096959895,  62.24224 
bitcoin.csv, 8, 0.21087322898196298,  717.7857 
quality_control_3.csv, 8, 0.20325532420019954,  692.7333 
measles.csv, 8, 0.21838367665223554,  745.4286 
us_population.csv, 8, 0.47472672896840323,  1622.6 
gdp_argentina.csv, 8, 0.0059937966340308305,  20.40733 
quality_control_5.csv, 8, 0.20045785735199692,  683.0667 
debt_ireland.csv, 8, 0.004181432217106242,  14.09577 
gdp_croatia.csv, 8, 0.00352022977171682,  11.89417 
ratner_stock.csv, 8, 0.8334509469941622,  2846.5 
quality_control_1.csv, 8, 0.220185748799882,  750.3571 
usd_isk.csv, 8, 0.5574074028942505,  1904.6 
iceland_tourism.csv, 8, 0.2957055386623324,  1014.1 
homeruns.csv, 8, 0.09286705989035227,  316.625 
global_co2.csv, 8, 0.08343944914700943,  285.0555 
bank.csv, 9, 0.08699135259303148,  296.3824 
shanghai_license.csv, 9, 0.15255194539317926,  519.95 
nile.csv, 9, 0.10759006703793668,  365.3929 
construction.csv, 9, 0.5173090386107561,  1756.4 
well_log.csv, 9, 0.143488384177826,  485.1429 
centralia.csv, 9, 0.003136905798852413,  10.5873 
gdp_japan.csv, 9, 0.0065221075523175884,  22.07269 
jfk_passengers.csv, 9, 0.07630894389522161,  259.6154 
businv.csv, 9, 0.4780680250479691,  1629.1 
quality_control_4.csv, 9, 0.13075046192842937,  442.8696 
brent_spot.csv, 9, 0.19044845209620576,  643.25 
robocalls.csv, 9, 0.01761458929466179,  59.53254 
ozone.csv, 9, 0.010008037529078936,  33.88851 
scanline_42049.csv, 9, 0.2984273350711192,  1018.8 
seatbelts.csv, 9, 0.13272016367409378,  452.1739 
bee_waggle_6.csv, 9, 0.32055878270593896,  1125.2 
quality_control_2.csv, 9, 0.048963156344948626,  166.4426 
children_per_woman.csv, 9, 0.26899529997006705,  920.1818 
apple.csv, 9, 0.15203585712013137,  520.85 
run_log.csv, 9, 0.11802966480974647,  401.32 
scanline_126007.csv, 9, 0.11757209689716547,  400.2 
unemployment_nl.csv, 9, 0.0337723399499003,  114.6364 
gdp_iran.csv, 9, 0.027781619592966208,  93.78505 
co2_canada.csv, 9, 0.049251510219679016,  166.3607 
lga_passengers.csv, 9, 0.27947089156185195,  947.1818 
rail_lines.csv, 9, 0.013404168912277758,  45.16667 
occupancy.csv, 9, 0.5940425160366886,  2065.6 
uk_coal_employ.csv, 9, 0.1025101664745307,  348.8276 
bitcoin.csv, 9, 0.1641588852819243,  560.1111 
quality_control_3.csv, 9, 0.6905460732713437,  2348.9 
measles.csv, 9, 0.5490344236769488,  1875.2 
us_population.csv, 9, 1.1012917669816944,  3758.5 
gdp_argentina.csv, 9, 0.007926213918203378,  27.01078 
quality_control_5.csv, 9, 0.17920891137378825,  614.353 
debt_ireland.csv, 9, 0.005090682377428889,  17.11624 
gdp_croatia.csv, 9, 0.0032574211860597314,  11.01542 
ratner_stock.csv, 9, 0.2071811325374256,  705.8666 
quality_control_1.csv, 9, 0.6523426224987816,  2221.8 
usd_isk.csv, 9, 0.14047713964995032,  477.2381 
iceland_tourism.csv, 9, 0.14288131733718773,  488.9048 
homeruns.csv, 9, 0.02634386535654341,  89.38393 
global_co2.csv, 9, 0.10012711467094657,  342.6 
bank.csv, 10, 0.10420351271880333,  357.1786 
shanghai_license.csv, 10, 0.019364299253653214,  66.31788 
nile.csv, 10, 0.06777712693683084,  231.6818 
construction.csv, 10, 0.551960760605698,  1891.3 
well_log.csv, 10, 0.24021773617554432,  819.1539 
centralia.csv, 10, 0.0019525542761243291,  6.59025 
gdp_japan.csv, 10, 0.004225800946431577,  14.4 
jfk_passengers.csv, 10, 0.14007051549342145,  481.1429 
businv.csv, 10, 0.3893859523263927,  1337.2 
quality_control_4.csv, 10, 0.0873652577494046,  299.0294 
brent_spot.csv, 10, 0.11183333390727057,  380.0 
robocalls.csv, 10, 0.018305023016816933,  61.81482 
ozone.csv, 10, 0.0037437943809091865,  12.74522 
scanline_42049.csv, 10, 0.10787547817366365,  366.9286 
seatbelts.csv, 10, 0.04254184983007518,  146.1304 
bee_waggle_6.csv, 10, 0.35543137560825927,  1249.3 
quality_control_2.csv, 10, 0.10981731884715339,  374.4074 
children_per_woman.csv, 10, 0.1825283770201338,  627.75 
apple.csv, 10, 0.10311513955797762,  355.4138 
run_log.csv, 10, 0.15878343787342505,  548.2632 
scanline_126007.csv, 10, 0.4684426760585211,  1603.4 
unemployment_nl.csv, 10, 0.10841366066418752,  368.3214 
gdp_iran.csv, 10, 0.018065425439966195,  61.47239 
co2_canada.csv, 10, 0.0432715885895451,  147.7206 
lga_passengers.csv, 10, 0.27774327659600123,  953.8182 
rail_lines.csv, 10, 0.011759654260451556,  39.75794 
occupancy.csv, 10, 0.06993521713132266,  240.2619 
uk_coal_employ.csv, 10, 0.01081293069826723,  36.88603 
bitcoin.csv, 10, 0.08969027369418352,  303.606 
quality_control_3.csv, 10, 0.03183081872526033,  107.6882 
measles.csv, 10, 0.16069200084951407,  552.4737 
us_population.csv, 10, 0.37677520687989274,  1299.6 
gdp_argentina.csv, 10, 0.005247266898458712,  17.95691 
quality_control_5.csv, 10, 0.12189986179146217,  419.5417 
debt_ireland.csv, 10, 0.0031920210188144988,  10.76344 
gdp_croatia.csv, 10, 0.00207463258644183,  7.021053 
ratner_stock.csv, 10, 0.0391091852287194,  132.5921 
quality_control_1.csv, 10, 0.16609450639086593,  570.2778 
usd_isk.csv, 10, 0.031212292043461563,  106.0632 
iceland_tourism.csv, 10, 0.1384277483340487,  471.6364 
homeruns.csv, 10, 0.07395210590071884,  251.3 
global_co2.csv, 10, 0.06745879955573483,  231.1364 
bank.csv, 11, 0.1395945702491926,  476.3333 
shanghai_license.csv, 11, 0.024132125509860075,  82.11475 
nile.csv, 11, 0.06844608690906086,  235.4884 
construction.csv, 11, 0.10239333384100158,  347.1724 
well_log.csv, 11, 0.4291422578816764,  1474.8 
centralia.csv, 11, 0.0018078257887972292,  6.125536 
gdp_japan.csv, 11, 0.028188729563077268,  96.94231 
jfk_passengers.csv, 11, 0.08459066662770576,  288.6857 
businv.csv, 11, 0.03392956023397388,  116.1264 
quality_control_4.csv, 11, 0.08175608730464824,  279.3333 
brent_spot.csv, 11, 0.08502199239871645,  287.9143 
robocalls.csv, 11, 0.0100014769558299,  33.77441 
ozone.csv, 11, 0.01705599457067481,  58.38953 
scanline_42049.csv, 11, 0.2024127470687745,  696.5333 
seatbelts.csv, 11, 0.058911120407701675,  203.36 
bee_waggle_6.csv, 11, 0.2445042562122429,  863.0 
quality_control_2.csv, 11, 0.0513858684991822,  176.2632 
children_per_woman.csv, 11, 0.04176266712622723,  142.2394 
apple.csv, 11, 0.06575035994662605,  228.6591 
run_log.csv, 11, 0.042643695549152066,  147.2059 
scanline_126007.csv, 11, 0.1121332290931268,  378.9259 
unemployment_nl.csv, 11, 0.05789797298958687,  195.5 
gdp_iran.csv, 11, 0.010815569190408894,  36.58029 
co2_canada.csv, 11, 0.029379188363545836,  100.49 
lga_passengers.csv, 11, 0.22836223515115797,  785.4615 
rail_lines.csv, 11, 0.010845949272678849,  36.79412 
occupancy.csv, 11, 0.8530221369082938,  2988.1 
uk_coal_employ.csv, 11, 0.0824895502226026,  282.9445 
bitcoin.csv, 11, 0.11112604052198514,  378.7408 
quality_control_3.csv, 11, 0.1642873836358376,  564.8333 
measles.csv, 11, 0.20373046070605294,  703.8666 
us_population.csv, 11, 0.10662565529396163,  365.4286 
gdp_argentina.csv, 11, 0.0038896541931106757,  13.31957 
quality_control_5.csv, 11, 0.09536084595478198,  327.4839 
debt_ireland.csv, 11, 0.005832164291678414,  19.79644 
gdp_croatia.csv, 11, 0.005705749156621011,  19.38566 
ratner_stock.csv, 11, 0.09147025263915896,  310.4546 
quality_control_1.csv, 11, 0.027843727509410936,  95.62857 
usd_isk.csv, 11, 0.16358649859843252,  561.1111 
iceland_tourism.csv, 11, 0.017258886611531264,  59.30769 
homeruns.csv, 11, 0.0754606793699191,  257.1282 
global_co2.csv, 11, 0.010483501811189183,  35.96774 
bank.csv, 12, 0.061379153279328115,  208.9375 
shanghai_license.csv, 12, 0.061962729062325174,  212.6042 
nile.csv, 12, 0.0688055680054361,  235.093 
construction.csv, 12, 0.4062878254554107,  1389.0 
well_log.csv, 12, 0.10248018552700724,  346.931 
centralia.csv, 12, 0.0020565557679115567,  6.935506 
gdp_japan.csv, 12, 0.005212936277905314,  17.73404 
jfk_passengers.csv, 12, 0.06228715927550373,  211.9167 
businv.csv, 12, 0.5084117984485601,  1739.0 
quality_control_4.csv, 12, 0.0973979070083348,  331.7419 
brent_spot.csv, 12, 0.11157110648740921,  378.4445 
robocalls.csv, 12, 0.01631128333979848,  54.88525 
ozone.csv, 12, 0.007860058908609063,  26.68533 
scanline_42049.csv, 12, 0.42008747079721614,  1435.7 
seatbelts.csv, 12, 0.02101936909381967,  70.9929 
bee_waggle_6.csv, 12, 0.27374323119577393,  954.1818 
quality_control_2.csv, 12, 0.32629311677592343,  1114.7 
children_per_woman.csv, 12, 0.29550600671136634,  1014.2 
apple.csv, 12, 0.09327498628798025,  322.125 
run_log.csv, 12, 0.21771792459380127,  747.0714 
scanline_126007.csv, 12, 0.13240766762326373,  450.7826 
unemployment_nl.csv, 12, 0.0854394913942867,  288.6857 
gdp_iran.csv, 12, 0.022462163412157458,  76.40458 
co2_canada.csv, 12, 0.051220639366153495,  173.9483 
lga_passengers.csv, 12, 0.8790460707601596,  2996.1 
rail_lines.csv, 12, 0.010326596434014037,  34.85069 
occupancy.csv, 12, 0.6609053098115965,  2303.6 
uk_coal_employ.csv, 12, 0.09232943935705862,  313.0625 
bitcoin.csv, 12, 0.4150085384368595,  1407.8 
quality_control_3.csv, 12, 0.03341573991577646,  112.8539 
measles.csv, 12, 0.1751719248584991,  602.4117 
us_population.csv, 12, 0.533260499132848,  1824.5 
gdp_argentina.csv, 12, 0.01871553343951032,  63.53798 
quality_control_5.csv, 12, 0.040335919582403595,  137.1781 
debt_ireland.csv, 12, 0.003940741330657821,  13.24074 
gdp_croatia.csv, 12, 0.003317957978336915,  11.21637 
ratner_stock.csv, 12, 0.05403679273896077,  182.7455 
quality_control_1.csv, 12, 0.04823288800888222,  164.8852 
usd_isk.csv, 12, 0.04023390086405704,  136.3378 
iceland_tourism.csv, 12, 0.3116760635793071,  1067.2 
homeruns.csv, 12, 0.03206386072861767,  108.4516 
global_co2.csv, 12, 0.05867016506609616,  201.14 
bank.csv, 13, 0.09611039182122876,  328.4839 
shanghai_license.csv, 13, 0.13613766745679226,  465.3182 
nile.csv, 13, 0.04021601663825513,  136.4324 
construction.csv, 13, 0.6311170466435214,  2148.3 
well_log.csv, 13, 0.357929393214863,  1215.9 
centralia.csv, 13, 0.0021873890177677513,  7.383026 
gdp_japan.csv, 13, 0.005492345424783105,  18.61524 
jfk_passengers.csv, 13, 0.08404706153591437,  286.6571 
businv.csv, 13, 0.6252123348024725,  2138.0 
quality_control_4.csv, 13, 0.06394907636173772,  216.9149 
brent_spot.csv, 13, 0.13283336296112597,  448.3478 
robocalls.csv, 13, 0.023762304644016696,  80.224 
ozone.csv, 13, 0.008258057329364956,  28.01681 
scanline_42049.csv, 13, 0.261744580002528,  895.75 
seatbelts.csv, 13, 0.02927151750349367,  100.02 
bee_waggle_6.csv, 13, 0.2251230932845199,  790.3846 
quality_control_2.csv, 13, 0.12122080886549157,  413.72 
children_per_woman.csv, 13, 0.2569231516695633,  873.5833 
apple.csv, 13, 0.06120484731636111,  209.2708 
run_log.csv, 13, 0.08326820391060766,  285.3333 
scanline_126007.csv, 13, 0.09786151462409884,  329.129 
unemployment_nl.csv, 13, 0.2971438298238354,  1013.4 
gdp_iran.csv, 13, 0.02409548306083182,  81.84553 
co2_canada.csv, 13, 0.16568554135427702,  563.2778 
lga_passengers.csv, 13, 0.31049663203234557,  1056.0 
rail_lines.csv, 13, 0.011137609339206638,  37.53183 
occupancy.csv, 13, 0.6353076955379947,  2212.4 
uk_coal_employ.csv, 13, 0.06167358614224364,  209.625 
bitcoin.csv, 13, 0.12184907905522778,  412.68 
quality_control_3.csv, 13, 0.08193515047513403,  279.0 
measles.csv, 13, 0.29148289624386464,  999.8182 
us_population.csv, 13, 0.5385693683028421,  1844.3 
gdp_argentina.csv, 13, 0.006708160584052909,  22.94266 
quality_control_5.csv, 13, 0.20780792373698204,  709.8666 
debt_ireland.csv, 13, 0.004199989933764027,  14.15983 
gdp_croatia.csv, 13, 0.0035096684454397537,  11.82506 
ratner_stock.csv, 13, 0.17834386324640197,  611.8823 
quality_control_1.csv, 13, 0.08322910497098393,  282.9445 
usd_isk.csv, 13, 0.1328975341480936,  452.9131 
iceland_tourism.csv, 13, 0.2933107856544666,  1008.7 
homeruns.csv, 13, 0.05234718843520201,  176.4211 
global_co2.csv, 13, 0.07274314935387714,  248.3659 
bank.csv, 14, 0.1258917849964405,  429.0417 
shanghai_license.csv, 14, 0.1944421347087939,  664.6875 
nile.csv, 14, 0.13450119471859912,  457.1364 
construction.csv, 14, 0.8051177330593419,  2737.8 
well_log.csv, 14, 0.9304283956592372,  3156.9 
centralia.csv, 14, 0.002733130641483489,  9.229705 
gdp_japan.csv, 14, 0.006781097778539876,  22.97936 
jfk_passengers.csv, 14, 0.1464726263786707,  498.9048 
businv.csv, 14, 0.5145993471263409,  1757.4 
quality_control_4.csv, 14, 0.15894991053566723,  537.9474 
brent_spot.csv, 14, 0.3287514221305628,  1116.2 
robocalls.csv, 14, 0.056028945716001165,  188.8868 
ozone.csv, 14, 0.006005994310565084,  20.38086 
scanline_42049.csv, 14, 0.49825995843934834,  1693.2 
seatbelts.csv, 14, 0.05765432786096889,  197.3725 
bee_waggle_6.csv, 14, 0.12425812001305303,  427.5417 
quality_control_2.csv, 14, 0.04252746999304691,  143.7714 
children_per_woman.csv, 14, 0.280864714400898,  960.5455 
apple.csv, 14, 0.15833094295629435,  543.2632 
run_log.csv, 14, 0.12302893687874909,  422.375 
scanline_126007.csv, 14, 0.25576676880712057,  868.0833 
unemployment_nl.csv, 14, 0.07756662381333602,  262.7949 
gdp_iran.csv, 14, 0.06920558031782115,  234.6512 
co2_canada.csv, 14, 0.15278906373232531,  518.7 
lga_passengers.csv, 14, 0.28056647276381147,  955.4545 
rail_lines.csv, 14, 0.019989052365670907,  67.55034 
occupancy.csv, 14, 0.15156923215983242,  527.2105 
uk_coal_employ.csv, 14, 0.10221534885732612,  349.7931 
bitcoin.csv, 14, 0.23469048887059565,  796.3077 
quality_control_3.csv, 14, 0.1696738422705898,  580.2778 
measles.csv, 14, 0.403078184942251,  1379.8 
us_population.csv, 14, 2.2558666577022906,  7674.0 
gdp_argentina.csv, 14, 0.008094760913673374,  27.6768 
quality_control_5.csv, 14, 0.06898474562353311,  234.3954 
debt_ireland.csv, 14, 0.005270568478888375,  17.71504 
gdp_croatia.csv, 14, 0.0033276582100352017,  11.24972 
ratner_stock.csv, 14, 0.22642372331322874,  774.3077 
quality_control_1.csv, 14, 0.0714083190683444,  241.7381 
usd_isk.csv, 14, 0.10156800692526492,  345.5517 
iceland_tourism.csv, 14, 0.11577466082319286,  394.8077 
homeruns.csv, 14, 0.11038936948186044,  373.2592 
global_co2.csv, 14, 0.22615204830110366,  770.9231 
bank.csv, 15, 0.15738122744668495,  537.3684 
shanghai_license.csv, 15, 0.03444259292332179,  117.5 
nile.csv, 15, 0.15832426835088068,  540.5263 
construction.csv, 15, 0.8123237073384644,  2761.6 
well_log.csv, 15, 1.222322468398761,  4155.0 
centralia.csv, 15, 0.0030994949395526496,  10.50735 
gdp_japan.csv, 15, 0.007724581589133394,  26.32631 
jfk_passengers.csv, 15, 0.14372027327204878,  490.7619 
businv.csv, 15, 0.37726177804975125,  1288.7 
quality_control_4.csv, 15, 0.26362519106589843,  894.5833 
brent_spot.csv, 15, 0.21470072720973934,  735.7143 
robocalls.csv, 15, 0.04408888247846388,  149.1029 
ozone.csv, 15, 0.0068185701204895146,  23.21346 
scanline_42049.csv, 15, 1.1717894415193768,  3986.7 
seatbelts.csv, 15, 0.04272407801562477,  146.3768 
bee_waggle_6.csv, 15, 0.14157695640737766,  494.7143 
quality_control_2.csv, 15, 0.044512157736681365,  151.1492 
children_per_woman.csv, 15, 1.0957747474698407,  3734.9 
apple.csv, 15, 0.6282967552194805,  2163.0 
run_log.csv, 15, 0.15832987939917362,  546.2632 
scanline_126007.csv, 15, 0.32021269046440465,  1093.3 
unemployment_nl.csv, 15, 0.18468466096103953,  629.1875 
gdp_iran.csv, 15, 0.06316628004961262,  215.0638 
co2_canada.csv, 15, 0.17580116593452497,  596.8823 
lga_passengers.csv, 15, 0.3567301602249245,  1216.9 
rail_lines.csv, 15, 0.022976099798541313,  77.6124 
occupancy.csv, 15, 0.24813315433789285,  866.4167 
uk_coal_employ.csv, 15, 0.07295596405796592,  248.1951 
bitcoin.csv, 15, 0.26790831780367214,  913.0909 
quality_control_3.csv, 15, 0.14433035150964965,  495.8571 
measles.csv, 15, 0.3873450961483741,  1328.5 
us_population.csv, 15, 2.510443764822594,  8557.0 
gdp_argentina.csv, 15, 0.009207726007044994,  31.59306 
quality_control_5.csv, 15, 0.06346341386485252,  216.8085 
debt_ireland.csv, 15, 0.0059682382359971245,  20.2303 
gdp_croatia.csv, 15, 0.003817138619673708,  12.98703 
ratner_stock.csv, 15, 0.0809413020824404,  277.2973 
quality_control_1.csv, 15, 0.20685841281671552,  708.8 
usd_isk.csv, 15, 0.33953110849211043,  1160.2 
iceland_tourism.csv, 15, 0.39195958472050735,  1336.9 
homeruns.csv, 15, 0.14305460027766717,  485.0 
global_co2.csv, 15, 0.13225842470477722,  454.3044 
bank.csv, 16, 0.23864299453690854,  820.5385 
shanghai_license.csv, 16, 0.09286346988668015,  318.875 
nile.csv, 16, 0.13891382792787357,  477.0952 
construction.csv, 16, 0.8131351513772188,  2771.8 
well_log.csv, 16, 1.1636989049700788,  3966.5 
centralia.csv, 16, 0.0042210717627596634,  14.3176 
gdp_japan.csv, 16, 0.007592337382793206,  25.93005 
jfk_passengers.csv, 16, 0.23986508553879013,  819.9231 
businv.csv, 16, 0.6899490630944456,  2354.2 
quality_control_4.csv, 16, 0.26411736686456305,  898.5833 
brent_spot.csv, 16, 0.19369751002898283,  663.125 
robocalls.csv, 16, 0.03892152698284989,  131.7632 
ozone.csv, 16, 0.006847571854182759,  23.40888 
scanline_42049.csv, 16, 1.5049377394163912,  5134.3 
seatbelts.csv, 16, 0.06777864680906384,  232.6977 
bee_waggle_6.csv, 16, 0.25287316831637935,  890.0833 
quality_control_2.csv, 16, 0.08297371466188805,  283.5555 
children_per_woman.csv, 16, 0.20864110942950123,  715.1429 
apple.csv, 16, 0.2005683211607599,  698.5333 
run_log.csv, 16, 0.15923974210916544,  550.8947 
scanline_126007.csv, 16, 0.3133307519554364,  1064.4 
unemployment_nl.csv, 16, 0.6998703461591959,  2389.0 
gdp_iran.csv, 16, 0.06993829055468374,  237.4884 
co2_canada.csv, 16, 0.20375409322975127,  693.0 
lga_passengers.csv, 16, 0.39487436188828723,  1347.9 
rail_lines.csv, 16, 0.023134525324152833,  78.28906 
occupancy.csv, 16, 0.2799845180951376,  983.0 
uk_coal_employ.csv, 16, 0.037939818064883064,  128.9872 
bitcoin.csv, 16, 0.16378601067756587,  560.7222 
quality_control_3.csv, 16, 0.06669253936444296,  227.3409 
measles.csv, 16, 0.3069553598926177,  1056.3 
us_population.csv, 16, 2.5201065606257544,  8604.5 
gdp_argentina.csv, 16, 0.011723227149368541,  40.092 
quality_control_5.csv, 16, 0.09447253785145904,  321.4063 
debt_ireland.csv, 16, 0.006032472795097456,  20.43469 
gdp_croatia.csv, 16, 0.0038813634267191887,  13.23413 
ratner_stock.csv, 16, 0.29736454170388243,  1021.8 
quality_control_1.csv, 16, 0.06085891892756508,  208.2449 
usd_isk.csv, 16, 0.748135091981203,  2556.4 
iceland_tourism.csv, 16, 0.1336650651931822,  460.3636 
homeruns.csv, 16, 0.05926364057656428,  202.48 
global_co2.csv, 16, 0.13396476100187596,  463.0454 
bank.csv, 17, 0.24178094809524106,  827.4615 
shanghai_license.csv, 17, 0.2138291972794702,  729.0 
nile.csv, 17, 0.02760198214724862,  93.57944 
construction.csv, 17, 0.2630538092464197,  897.1667 
well_log.csv, 17, 0.1547098571471619,  527.5263 
centralia.csv, 17, 0.008510301436599548,  28.61714 
gdp_japan.csv, 17, 0.006899682666673377,  23.4356 
jfk_passengers.csv, 17, 0.08150985041520976,  277.9167 
businv.csv, 17, 0.8472925970882897,  2892.2 
quality_control_4.csv, 17, 0.28071563223631363,  958.2727 
brent_spot.csv, 17, 0.07981317483733152,  271.054 
robocalls.csv, 17, 0.04504317654171549,  152.3788 
ozone.csv, 17, 0.010530192026244225,  35.72143 
scanline_42049.csv, 17, 0.4296738836450459,  1466.8 
seatbelts.csv, 17, 0.03493674114148127,  118.8824 
bee_waggle_6.csv, 17, 0.5140839056161894,  1796.1 
quality_control_2.csv, 17, 0.06258791957928149,  212.3333 
children_per_woman.csv, 17, 0.17979761552396667,  616.7647 
apple.csv, 17, 0.3241899388729507,  1121.4 
run_log.csv, 17, 0.17396439927672283,  599.0 
scanline_126007.csv, 17, 0.34457712735802487,  1178.3 
unemployment_nl.csv, 17, 0.05032986544513009,  171.7627 
gdp_iran.csv, 17, 0.030300750502093937,  103.2371 
co2_canada.csv, 17, 0.043682361045324906,  147.7353 
lga_passengers.csv, 17, 0.08053744772545592,  273.4595 
rail_lines.csv, 17, 0.01709033407431274,  57.91908 
occupancy.csv, 17, 0.23359741651739357,  814.4615 
uk_coal_employ.csv, 17, 0.02550599174488243,  86.50862 
bitcoin.csv, 17, 0.10649946640998158,  361.7143 
quality_control_3.csv, 17, 0.0573183672790422,  194.2692 
measles.csv, 17, 0.30571124313491965,  1049.2 
us_population.csv, 17, 0.6257955761864651,  2138.6 
gdp_argentina.csv, 17, 0.010281526764651418,  34.92683 
quality_control_5.csv, 17, 0.0712336037672685,  241.5714 
debt_ireland.csv, 17, 0.009411790261710733,  31.73101 
gdp_croatia.csv, 17, 0.003438953962439311,  11.63256 
ratner_stock.csv, 17, 0.5575884862128987,  1900.4 
quality_control_1.csv, 17, 0.06613400097097231,  223.7333 
usd_isk.csv, 17, 0.16787676435347343,  571.8889 
iceland_tourism.csv, 17, 0.2992664815445096,  1017.0 
homeruns.csv, 17, 0.0678523361626834,  229.5909 
global_co2.csv, 17, 0.1021554104168774,  349.931 
bank.csv, 18, 0.2986775961282547,  1020.2 
shanghai_license.csv, 18, 0.029709986456482235,  101.4949 
nile.csv, 18, 0.019644522235818536,  66.68 
construction.csv, 18, 0.10747622073745333,  367.5357 
well_log.csv, 18, 0.09642362679680387,  326.129 
centralia.csv, 18, 0.007770123409440707,  26.21204 
gdp_japan.csv, 18, 0.006478706576680244,  21.98246 
jfk_passengers.csv, 18, 0.2126808293627229,  725.2857 
businv.csv, 18, 0.8068883351290423,  2750.9 
quality_control_4.csv, 18, 0.13075679650947955,  446.9131 
brent_spot.csv, 18, 0.6132267634158779,  2093.3 
robocalls.csv, 18, 0.02862618448801431,  96.75 
ozone.csv, 18, 0.0057068046711660015,  19.38178 
scanline_42049.csv, 18, 0.4909626831711648,  1679.4 
seatbelts.csv, 18, 0.03196571617192366,  108.9348 
bee_waggle_6.csv, 18, 0.13393285713329367,  463.5454 
quality_control_2.csv, 18, 0.132309611741616,  450.9565 
children_per_woman.csv, 18, 0.12425907995312475,  427.7083 
apple.csv, 18, 0.07944896990040827,  272.4595 
run_log.csv, 18, 0.15470547069396975,  532.5789 
scanline_126007.csv, 18, 0.0639181661694752,  218.5 
unemployment_nl.csv, 18, 0.04617525821772972,  157.9063 
gdp_iran.csv, 18, 0.027834410680832592,  94.71698 
co2_canada.csv, 18, 0.09033510926405364,  306.5454 
lga_passengers.csv, 18, 0.08877599770718969,  301.2647 
rail_lines.csv, 18, 0.009515053904314915,  32.3129 
occupancy.csv, 18, 0.14075601128830126,  486.5238 
uk_coal_employ.csv, 18, 0.01056397626475586,  35.86738 
bitcoin.csv, 18, 0.09680021460641705,  329.0645 
quality_control_3.csv, 18, 0.13224166302129364,  451.9565 
measles.csv, 18, 0.14319936364639338,  489.8095 
us_population.csv, 18, 1.385771339756684,  4725.8 
gdp_argentina.csv, 18, 0.007732770057021442,  26.38421 
quality_control_5.csv, 18, 0.1872306140613773,  641.9375 
debt_ireland.csv, 18, 0.008635728888816033,  29.21866 
gdp_croatia.csv, 18, 0.004094511543074195,  13.85457 
ratner_stock.csv, 18, 0.14395855857795445,  488.0476 
quality_control_1.csv, 18, 0.10294820482876871,  350.1035 
usd_isk.csv, 18, 0.05005369278179556,  170.4237 
iceland_tourism.csv, 18, 0.11461105251576625,  393.1154 
homeruns.csv, 18, 0.038212846823141744,  130.0 
global_co2.csv, 18, 0.058624112360284926,  200.96 
bank.csv, 19, 0.10862979084439368,  370.0357 
shanghai_license.csv, 19, 0.025275800496148866,  86.29311 
nile.csv, 19, 0.021231790912044888,  71.94964 
construction.csv, 19, 0.5457772802199543,  1856.0 
well_log.csv, 19, 0.17972858906758868,  611.4706 
centralia.csv, 19, 0.0027155612482922323,  9.130474 
gdp_japan.csv, 19, 0.005767170584788314,  19.57926 
jfk_passengers.csv, 19, 0.0646921044170718,  219.9348 
businv.csv, 19, 0.1832517462216856,  627.875 
quality_control_4.csv, 19, 0.09863307634110849,  337.6667 
brent_spot.csv, 19, 0.7065947842539572,  2408.4 
robocalls.csv, 19, 0.024659330551420073,  83.375 
ozone.csv, 19, 0.008653353711231203,  29.2807 
scanline_42049.csv, 19, 0.44659644944786125,  1525.4 
seatbelts.csv, 19, 0.09618900045259052,  328.7742 
bee_waggle_6.csv, 19, 0.16204420203333333,  563.9445 
quality_control_2.csv, 19, 0.2552700894636928,  875.0 
children_per_woman.csv, 19, 0.30408037164324925,  1040.7 
apple.csv, 19, 0.07395887344409857,  255.175 
run_log.csv, 19, 0.0677970080253777,  232.6046 
scanline_126007.csv, 19, 0.10130205648313458,  345.4138 
unemployment_nl.csv, 19, 0.04146906528918256,  140.2222 
gdp_iran.csv, 19, 0.025769573669363718,  87.52174 
co2_canada.csv, 19, 0.03433334649284445,  116.023 
lga_passengers.csv, 19, 0.32243323572793087,  1103.5 
rail_lines.csv, 19, 0.01152788461943481,  38.86822 
occupancy.csv, 19, 0.16433259378153606,  570.1667 
uk_coal_employ.csv, 19, 0.05217027656413975,  177.614 
bitcoin.csv, 19, 0.10200473533962698,  344.6 
quality_control_3.csv, 19, 0.23717724379219782,  813.0769 
measles.csv, 19, 0.33328348878003455,  1144.7 
us_population.csv, 19, 1.0821858587799398,  3694.2 
gdp_argentina.csv, 19, 0.006906196714743052,  23.60849 
quality_control_5.csv, 19, 0.06881331763993648,  233.6512 
debt_ireland.csv, 19, 0.004379223820592079,  14.75516 
gdp_croatia.csv, 19, 0.0036608135367127725,  12.37454 
ratner_stock.csv, 19, 0.09622434071409389,  326.5161 
quality_control_1.csv, 19, 0.18604681720125882,  634.75 
usd_isk.csv, 19, 0.056847056905728374,  192.5769 
iceland_tourism.csv, 19, 0.12639500198296597,  432.625 
homeruns.csv, 19, 0.022611173431945616,  76.53435 
global_co2.csv, 19, 0.08562698442476956,  293.2571 
bank.csv, 20, 0.20587192539278476,  705.1334 
shanghai_license.csv, 20, 0.033915598251930544,  115.4138 
nile.csv, 20, 0.031404748930952416,  106.9362 
construction.csv, 20, 0.1283490865264906,  436.9131 
well_log.csv, 20, 0.28756465481389815,  978.9091 
centralia.csv, 20, 0.00013542953832281884,  0.472057 
gdp_japan.csv, 20, 0.006257738020836013,  21.22246 
jfk_passengers.csv, 20, 0.09069594918792338,  308.9697 
businv.csv, 20, 0.16941100212443416,  575.4445 
quality_control_4.csv, 20, 0.07230273566371424,  244.5122 
brent_spot.csv, 20, 0.19468717692342352,  662.75 
robocalls.csv, 20, 0.006481629421698297,  22.01319 
ozone.csv, 20, 0.009446286299095892,  32.09615 
scanline_42049.csv, 20, 0.5231254442242971,  1785.6 
seatbelts.csv, 20, 0.15876469543055513,  543.6316 
bee_waggle_6.csv, 20, 0.1337290303500512,  464.8182 
quality_control_2.csv, 20, 0.11441298528013878,  387.1923 
children_per_woman.csv, 20, 0.29538252676247795,  1014.7 
apple.csv, 20, 0.348246831616234,  1195.7 
run_log.csv, 20, 0.3140586302948577,  1076.3 
scanline_126007.csv, 20, 0.05835094800689452,  197.5098 
unemployment_nl.csv, 20, 0.15091716980869024,  513.4 
gdp_iran.csv, 20, 0.018035804263573905,  61.31707 
co2_canada.csv, 20, 0.18959131269264162,  645.3125 
lga_passengers.csv, 20, 0.149044539454826,  503.75 
rail_lines.csv, 20, 0.012738474343115718,  42.93991 
occupancy.csv, 20, 0.36985764983064656,  1286.5 
uk_coal_employ.csv, 20, 0.015962196137464874,  54.2 
bitcoin.csv, 20, 0.1222567957319552,  416.0 
quality_control_3.csv, 20, 0.04309400985345048,  146.4493 
measles.csv, 20, 0.27290340552239784,  932.1818 
us_population.csv, 20, 0.1533865043856167,  524.4 
gdp_argentina.csv, 20, 0.007546474393004812,  25.76607 
quality_control_5.csv, 20, 0.04037250120360761,  137.7808 
debt_ireland.csv, 20, 0.004833389614174978,  16.25325 
gdp_croatia.csv, 20, 0.003988328024623317,  13.48652 
ratner_stock.csv, 20, 0.3095103599582217,  1059.4 
quality_control_1.csv, 20, 0.03625323835396198,  123.716 
usd_isk.csv, 20, 0.047798891471258334,  161.7742 
iceland_tourism.csv, 20, 0.16862583384899052,  577.8889 
homeruns.csv, 20, 0.014094928924428781,  47.81429 
global_co2.csv, 20, 0.013617362112039767,  46.43982 
bank.csv, 21, 0.27408935386558203,  937.7273 
shanghai_license.csv, 21, 0.023018947671005208,  78.4375 
nile.csv, 21, 0.06518025571792047,  222.5111 
construction.csv, 21, 0.5206678546844159,  1775.3 
well_log.csv, 21, 0.1010345446313598,  342.8 
centralia.csv, 21, 0.0020315255788355647,  6.848734 
gdp_japan.csv, 21, 0.005127834175357966,  17.44425 
jfk_passengers.csv, 21, 0.060125865478785644,  204.7755 
businv.csv, 21, 0.21203319592944223,  726.0 
quality_control_4.csv, 21, 0.07244284949304462,  247.0976 
brent_spot.csv, 21, 0.11861449713753246,  400.88 
robocalls.csv, 21, 0.019567840916669122,  66.11842 
ozone.csv, 21, 0.007745051284402021,  26.18325 
scanline_42049.csv, 21, 0.30570002053373174,  1040.5 
seatbelts.csv, 21, 0.147200142759948,  505.0 
bee_waggle_6.csv, 21, 0.25262256996476634,  883.5 
quality_control_2.csv, 21, 0.04486338330610978,  152.303 
children_per_woman.csv, 21, 0.23828709008781657,  817.6154 
apple.csv, 21, 0.10768266413362182,  371.4445 
run_log.csv, 21, 0.21503455149961934,  738.5 
scanline_126007.csv, 21, 0.11812197609280702,  400.92 
unemployment_nl.csv, 21, 0.12393332354262536,  420.625 
gdp_iran.csv, 21, 0.022202477820175596,  75.42105 
co2_canada.csv, 21, 0.04421505557288515,  150.4925 
lga_passengers.csv, 21, 0.8675677231341978,  2957.0 
rail_lines.csv, 21, 0.010187535047360556,  34.41581 
occupancy.csv, 21, 0.2908922710848856,  1012.2 
uk_coal_employ.csv, 21, 0.016014571858933187,  54.24324 
bitcoin.csv, 21, 0.29425911108883157,  1006.6 
quality_control_3.csv, 21, 0.042289393814904284,  143.2 
measles.csv, 21, 0.14555327213873256,  498.0952 
us_population.csv, 21, 0.5226622448080889,  1786.6 
gdp_argentina.csv, 21, 0.006254695379914113,  21.39957 
quality_control_5.csv, 21, 0.03470237587066281,  117.8588 
debt_ireland.csv, 21, 0.00477583800115087,  16.09807 
gdp_croatia.csv, 21, 0.0032533506847577665,  10.99011 
ratner_stock.csv, 21, 0.4689321219803787,  1599.6 
quality_control_1.csv, 21, 0.030801366420080776,  103.9794 
usd_isk.csv, 21, 0.06148618865668419,  207.9796 
iceland_tourism.csv, 21, 0.19855641612915254,  677.1334 
homeruns.csv, 21, 0.14201377138249968,  481.2857 
global_co2.csv, 21, 0.0775255906743807,  266.0 
bank.csv, 22, 0.07057430913255303,  238.5952 
shanghai_license.csv, 22, 0.0233113850232816,  79.22047 
nile.csv, 22, 0.07875016821433171, 
construction.csv, 22, 0.20027853960176192,  683.4 
well_log.csv, 22, 0.538159688342148,  1827.6 
centralia.csv, 22, 0.002566172753134421,  8.662337 
gdp_japan.csv, 22, 0.005438412172013248,  18.48614 
jfk_passengers.csv, 22, 0.06658410799139926,  227.3182 
businv.csv, 22, 0.22147755988797663,  759.0714 
quality_control_4.csv, 22, 0.07904278756570038,  268.7895 
brent_spot.csv, 22, 0.13073379349929304,  443.1739 
robocalls.csv, 22, 0.018265643116299465,  61.73619 
ozone.csv, 22, 0.0081155070849225,  27.55096 
scanline_42049.csv, 22, 0.9059238255386844,  3083.6 
seatbelts.csv, 22, 0.04778086644779661,  163.5645 
bee_waggle_6.csv, 22, 0.5254467847100386,  1841.4 
quality_control_2.csv, 22, 0.1355078448275642,  462.1818 
children_per_woman.csv, 22, 0.642987828582136,  2191.1 
apple.csv, 22, 0.22576990914226022,  778.2308 
run_log.csv, 22, 0.09532705492326768,  326.6774 
scanline_126007.csv, 22, 0.07519293729833407,  253.5 
unemployment_nl.csv, 22, 0.11626315664978812,  393.8077 
gdp_iran.csv, 22, 0.044486625003927076,  151.0 
co2_canada.csv, 22, 0.0656829725422641,  223.2667 
lga_passengers.csv, 22, 0.4489661225875352,  1534.8 
rail_lines.csv, 22, 0.015960872949621733,  53.77419 
occupancy.csv, 22, 1.253212411666118,  4377.0 
uk_coal_employ.csv, 22, 0.03489426601200274,  118.9412 
bitcoin.csv, 22, 0.10364305207559514,  351.3448 
quality_control_3.csv, 22, 0.04313511499317362,  146.7246 
measles.csv, 22, 0.14244682770069111,  486.1429 
us_population.csv, 22, 0.4924077614086855,  1688.2 
gdp_argentina.csv, 22, 0.006649058744154718,  22.66516 
quality_control_5.csv, 22, 0.051575290932901384,  174.8276 
debt_ireland.csv, 22, 0.005135954203925647,  17.29534 
gdp_croatia.csv, 22, 0.0026866813191322937,  9.07804 
ratner_stock.csv, 22, 0.3837241734264353,  1311.1 
quality_control_1.csv, 22, 0.028200986815222893,  95.34286 
usd_isk.csv, 22, 0.45004013277211924,  1534.2 
iceland_tourism.csv, 22, 0.35762217578785566,  1224.1 
homeruns.csv, 22, 0.059311203166151814,  199.8039 
global_co2.csv, 22, 0.07149813161242669,  244.8537 
bank.csv, 23, 0.11797884096285997,  403.4 
shanghai_license.csv, 23, 0.16724575856884863,  569.5 
nile.csv, 23, 0.08832612691217304,  300.2941 
construction.csv, 23, 0.8001776844959749,  2715.9 
well_log.csv, 23, 0.8442666059539988,  2863.5 
centralia.csv, 23, 0.004506336405529648,  15.20669 
gdp_japan.csv, 23, 0.007501519273277335,  25.4631 
jfk_passengers.csv, 23, 0.22439335767155302,  761.0 
businv.csv, 23, 0.7782022125057665,  2639.5 
quality_control_4.csv, 23, 0.1783797253124516,  605.1765 
brent_spot.csv, 23, 0.09810822427906744,  332.3226 
robocalls.csv, 23, 0.06374388558622818,  215.0851 
ozone.csv, 23, 0.011525005291919946,  39.02335 
scanline_42049.csv, 23, 0.42202941205850947,  1435.3 
seatbelts.csv, 23, 0.030736049679119592,  103.7938 
bee_waggle_6.csv, 23, 0.18381297689074927,  643.375 
quality_control_2.csv, 23, 0.16728704238367856,  567.0555 
children_per_woman.csv, 23, 0.34420003154582446,  1176.0 
apple.csv, 23, 0.210159614388041,  726.9286 
run_log.csv, 23, 0.08797608916850497,  300.2353 
scanline_126007.csv, 23, 0.3165953881704809,  1074.3 
unemployment_nl.csv, 23, 0.0381460543529871,  129.5769 
gdp_iran.csv, 23, 0.062098332855479534,  210.6875 
co2_canada.csv, 23, 0.13459200217729714,  456.2273 
lga_passengers.csv, 23, 0.4228292930883981,  1436.0 
rail_lines.csv, 23, 0.01564767595076965,  52.84211 
occupancy.csv, 23, 0.14330193925178764,  494.7619 
uk_coal_employ.csv, 23, 0.01961996133323791,  66.54967 
bitcoin.csv, 23, 0.3553212458457892,  1203.9 
quality_control_3.csv, 23, 0.38375642112487185,  1309.5 
measles.csv, 23, 0.5892272454502745,  2011.9 
us_population.csv, 23, 2.3615236480476596,  8036.3 
gdp_argentina.csv, 23, 0.008974133672712846,  30.58716 
quality_control_5.csv, 23, 0.14802080098243095,  506.8 
debt_ireland.csv, 23, 0.007370728952449522,  24.81188 
gdp_croatia.csv, 23, 0.003766679548703662,  12.74522 
ratner_stock.csv, 23, 0.28313689944198733,  965.1818 
quality_control_1.csv, 23, 0.04212434685172671,  143.3571 
usd_isk.csv, 23, 0.3576917528052036,  1214.9 
iceland_tourism.csv, 23, 0.10339526184668948,  353.3793 
homeruns.csv, 23, 0.07716342616764357,  262.5641 
global_co2.csv, 23, 0.11247737869248689,  384.9231 
bank.csv, 24, 0.0799748633160414,  273.5135 
shanghai_license.csv, 24, 0.019424565480980562,  66.37086 
nile.csv, 24, 0.07220666352638612,  248.3171 
construction.csv, 24, 0.1737403662312799,  597.7647 
well_log.csv, 24, 0.231156924710726,  791.8461 
centralia.csv, 24, 0.0035020343939290415,  11.80756 
gdp_japan.csv, 24, 0.004239285432253372,  14.45665 
jfk_passengers.csv, 24, 0.051373927760945855,  175.8596 
businv.csv, 24, 0.17512067154251887,  604.8235 
quality_control_4.csv, 24, 0.13017670189488537,  445.3478 
brent_spot.csv, 24, 0.11130937170828811,  378.7037 
robocalls.csv, 24, 0.017605225095292165,  59.52071 
ozone.csv, 24, 0.003764364516463012,  12.82692 
scanline_42049.csv, 24, 0.16880041421700298,  578.7778 
seatbelts.csv, 24, 0.015951812982845977,  53.93548 
bee_waggle_6.csv, 24, 0.366598007058019,  1291.1 
quality_control_2.csv, 24, 0.033756199158367715,  114.5114 
children_per_woman.csv, 24, 0.21291575984280695,  735.0 
apple.csv, 24, 0.12957660533123525,  448.7826 
run_log.csv, 24, 0.07816617440290716,  269.2632 
scanline_126007.csv, 24, 0.05642710209571614,  190.8679 
unemployment_nl.csv, 24, 0.10886722399436621,  369.75 
gdp_iran.csv, 24, 0.018080834758101853,  61.60123 
co2_canada.csv, 24, 0.08823552572071361,  300.9412 
lga_passengers.csv, 24, 0.857908952670823,  2947.6 
rail_lines.csv, 24, 0.011806275095119013,  39.82143 
occupancy.csv, 24, 0.2982480592101638,  1044.9 
uk_coal_employ.csv, 24, 0.11040574411008156,  376.4074 
bitcoin.csv, 24, 0.08974680794571296,  304.7576 
quality_control_3.csv, 24, 0.03528338318352282,  119.3929 
measles.csv, 24, 0.12619414451880098,  433.8333 
us_population.csv, 24, 0.40411928728553903,  1391.8 
gdp_argentina.csv, 24, 0.006362577201509173,  21.65584 
quality_control_5.csv, 24, 0.025295098567603886,  86.08547 
debt_ireland.csv, 24, 0.003974349764720583,  13.37166 
gdp_croatia.csv, 24, 0.002666643917355499,  9.018936 
ratner_stock.csv, 24, 0.03596290476863109,  121.759 
quality_control_1.csv, 24, 0.1238581642949157,  426.875 
usd_isk.csv, 24, 0.03156287039432078,  107.1489 
iceland_tourism.csv, 24, 0.14579475122315802,  499.9048 
homeruns.csv, 24, 0.07397660567212369,  250.9 
global_co2.csv, 24, 0.06530727765483688,  225.0889 
bank.csv, 25, 0.2171402011585347,  745.7143 
shanghai_license.csv, 25, 0.04665645945587471,  158.6719 
nile.csv, 25, 0.06389912611075488,  218.3478 
construction.csv, 25, 0.1533320140228625,  526.35 
well_log.csv, 25, 0.13278299880177813,  454.2174 
centralia.csv, 25, 0.00398341267357211,  13.4255 
gdp_japan.csv, 25, 0.004646344904122549,  15.85127 
jfk_passengers.csv, 25, 0.052202880976517665,  178.5263 
businv.csv, 25, 0.08951950984894873,  306.3333 
quality_control_4.csv, 25, 0.14861238681933173,  512.2 
brent_spot.csv, 25, 0.04102616570567266,  138.2877 
robocalls.csv, 25, 0.031386613810757,  106.1684 
ozone.csv, 25, 0.0041180134025907995,  14.0126 
scanline_42049.csv, 25, 0.060870915112862654,  208.75 
seatbelts.csv, 25, 0.06375905866207177,  219.0435 
bee_waggle_6.csv, 25, 0.10823546420383705,  379.3704 
quality_control_2.csv, 25, 0.19325886506993584,  662.75 
children_per_woman.csv, 25, 0.0811424823324725,  275.9189 
apple.csv, 25, 0.09334350347796772,  322.375 
run_log.csv, 25, 0.056342813056989356,  193.6538 
scanline_126007.csv, 25, 0.08227094622806261,  280.75 
unemployment_nl.csv, 25, 0.041334537251006824,  140.625 
gdp_iran.csv, 25, 0.020045516759513653,  68.20408 
co2_canada.csv, 25, 0.03188479031898599,  108.5376 
lga_passengers.csv, 25, 0.23276462599754338,  793.5385 
rail_lines.csv, 25, 0.007200518532376079,  24.31068 
occupancy.csv, 25, 0.20385917118825697,  713.8666 
uk_coal_employ.csv, 25, 0.014876968150700798,  50.37186 
bitcoin.csv, 25, 0.08754474265328206,  298.1765 
quality_control_3.csv, 25, 0.24162199422461036,  827.1539 
measles.csv, 25, 0.06589131920781155,  223.9333 
us_population.csv, 25, 0.1151993713766877,  394.2308 
gdp_argentina.csv, 25, 0.005749214343185894,  19.69882 
quality_control_5.csv, 25, 0.09302807909415378,  320.1875 
debt_ireland.csv, 25, 0.0033888076477472037,  11.43543 
gdp_croatia.csv, 25, 0.0029181296635190364,  9.842674 
ratner_stock.csv, 25, 0.07832122150835187,  267.0789 
quality_control_1.csv, 25, 0.24282886411275775,  826.4615 
usd_isk.csv, 25, 0.09731694725113842,  331.7419 
iceland_tourism.csv, 25, 0.05792012886034653,  198.0392 
homeruns.csv, 25, 0.05059262910856625,  171.4915 
global_co2.csv, 25, 0.010254865727084075,  35.09824 
bank.csv, 26, 0.11176512990237421,  380.5555 
shanghai_license.csv, 26, 0.02226422004754926,  75.83334 
nile.csv, 26, 0.02453961534082594,  83.2562 
construction.csv, 26, 0.5000800431090283,  1699.7 
well_log.csv, 26, 0.17257462102987928,  582.5555 
centralia.csv, 26, 0.004371294173658239,  14.73196 
gdp_japan.csv, 26, 0.00594244784355169,  20.19355 
jfk_passengers.csv, 26, 0.06899072368983176,  234.093 
businv.csv, 26, 0.31129783783089804,  1060.0 
quality_control_4.csv, 26, 0.11748678382232705,  399.3077 
brent_spot.csv, 26, 0.15248976256621063,  516.3 
robocalls.csv, 26, 0.018134638387309457,  60.9878 
ozone.csv, 26, 0.005333863553494643,  18.08861 
scanline_42049.csv, 26, 0.07819355446815136,  265.6316 
seatbelts.csv, 26, 0.09115257173814939,  313.3438 
bee_waggle_6.csv, 26, 0.8863689205924856,  3093.4 
quality_control_2.csv, 26, 0.1726528320977094,  585.7222 
children_per_woman.csv, 26, 0.2445344701080406,  838.4167 
apple.csv, 26, 0.9566780063112674,  3298.5 
run_log.csv, 26, 0.05885465264744198,  201.18 
scanline_126007.csv, 26, 0.10615316639353166,  361.4286 
unemployment_nl.csv, 26, 0.07913578927086985,  267.0526 
gdp_iran.csv, 26, 0.04888304387687178,  166.0984 
co2_canada.csv, 26, 0.03867126895198311,  130.8182 
lga_passengers.csv, 26, 0.4868625575582882,  1660.2 
rail_lines.csv, 26, 0.012055780977840805,  40.58704 
occupancy.csv, 26, 1.5867025227751583,  5548.8 
uk_coal_employ.csv, 26, 0.025742100059474266,  87.21739 
bitcoin.csv, 26, 0.10900042938188952,  366.8929 
quality_control_3.csv, 26, 0.04575156011613637,  155.6461 
measles.csv, 26, 0.5791882139417794,  1977.9 
us_population.csv, 26, 1.1664153648682258,  3977.3 
gdp_argentina.csv, 26, 0.0072128575512271495,  24.55392 
quality_control_5.csv, 26, 0.12684662475627798,  431.9167 
debt_ireland.csv, 26, 0.004565370767202906,  15.38402 
gdp_croatia.csv, 26, 0.002940309206126455,  9.926587 
ratner_stock.csv, 26, 0.13415096590919842,  456.4091 
quality_control_1.csv, 26, 0.05329374368050464,  180.7857 
usd_isk.csv, 26, 0.09171489524523525,  311.5757 
iceland_tourism.csv, 26, 0.12527086757893358,  428.9583 
homeruns.csv, 26, 0.02849157088389977,  96.48077 
global_co2.csv, 26, 0.07859119839557886,  269.5789 
bank.csv, 27, 0.1036468807353607,  356.1724 
shanghai_license.csv, 27, 0.018265676152486775,  62.6625 
nile.csv, 27, 0.023722143944951313,  81.1129 
construction.csv, 27, 0.043766921309182166,  149.7761 
well_log.csv, 27, 0.0809257766023694,  276.4054 
centralia.csv, 27, 0.0017504994567550526,  5.92071 
gdp_japan.csv, 27, 0.04258986936822665,  145.7681 
jfk_passengers.csv, 27, 0.05170752019951084,  176.3509 
businv.csv, 27, 0.049613733965843954,  170.1356 
quality_control_4.csv, 27, 0.05784597572332417,  198.2549 
brent_spot.csv, 27, 0.0380897886925359,  130.0909 
robocalls.csv, 27, 0.00473652710583134,  16.2107 
ozone.csv, 27, 0.0034432189257370656,  11.74531 
scanline_42049.csv, 27, 0.28625976948313275,  985.7273 
seatbelts.csv, 27, 0.017551449678060903,  59.94611 
bee_waggle_6.csv, 27, 0.11224959589379488,  394.9615 
quality_control_2.csv, 27, 0.03742719862605589,  127.9367 
children_per_woman.csv, 27, 0.07412833625255644,  253.25 
apple.csv, 27, 0.41611488179742084,  1455.6 
run_log.csv, 27, 0.04732417142851421,  162.129 
scanline_126007.csv, 27, 0.08193563269989884,  281.3055 
unemployment_nl.csv, 27, 0.10892980369947138,  375.4445 
gdp_iran.csv, 27, 0.007933940805664142,  26.85523 
co2_canada.csv, 27, 0.026129855570239294,  90.28829 
lga_passengers.csv, 27, 0.09382413494377913,  323.4516 
rail_lines.csv, 27, 0.005092098563220936,  17.16981 
occupancy.csv, 27, 0.11650198157647537,  410.36 
uk_coal_employ.csv, 27, 0.07506043315068102,  258.0513 
bitcoin.csv, 27, 0.06115586297537826,  210.0208 
quality_control_3.csv, 27, 0.08029147341157777,  275.8108 
measles.csv, 27, 0.11552655005943262,  398.7308 
us_population.csv, 27, 0.1627937906146144,  564.1667 
gdp_argentina.csv, 27, 0.004875561646199161,  16.75879 
quality_control_5.csv, 27, 0.10892340018128582,  375.1111 
debt_ireland.csv, 27, 0.0028150903056406522,  9.465468 
gdp_croatia.csv, 27, 0.001859081363442644,  6.295154 
ratner_stock.csv, 27, 0.07377814682026837,  252.375 
quality_control_1.csv, 27, 0.028301757345397725,  96.72115 
usd_isk.csv, 27, 0.03359078917951179,  114.2386 
iceland_tourism.csv, 27, 0.040340913281609464,  138.6164 
homeruns.csv, 27, 0.018361216952748324,  62.29814 
global_co2.csv, 27, 0.013192488962960349,  45.2534 
bank.csv, 28, 0.1273124205942187,  436.1739 
shanghai_license.csv, 28, 0.027425827171159486,  93.23148 
nile.csv, 28, 0.12018490688176825,  409.84 
construction.csv, 28, 0.8144503297388838,  2770.0 
well_log.csv, 28, 0.272824327417435,  931.5455 
centralia.csv, 28, 0.00438111705309171,  14.72647 
gdp_japan.csv, 28, 0.005953010252793467,  20.23838 
jfk_passengers.csv, 28, 0.13902081256773355,  473.4546 
businv.csv, 28, 0.469624244597253,  1603.3 
quality_control_4.csv, 28, 0.18139382876586965,  612.8235 
brent_spot.csv, 28, 0.5905287290916021,  2009.7 
robocalls.csv, 28, 0.04355084198194912,  147.1618 
ozone.csv, 28, 0.005332135960767069,  18.03424 
scanline_42049.csv, 28, 0.6707056200504666,  2285.1 
seatbelts.csv, 28, 0.020174844825604638,  68.50685 
bee_waggle_6.csv, 28, 0.13745586209469843,  478.1429 
quality_control_2.csv, 28, 0.05177765491412331,  175.2931 
children_per_woman.csv, 28, 0.27077533626503614,  926.6364 
apple.csv, 28, 0.16416983404057342,  561.7778 
run_log.csv, 28, 0.3951678209480633,  1345.6 
scanline_126007.csv, 28, 0.5217666733945407,  1772.9 
unemployment_nl.csv, 28, 0.039972327866729065,  135.8108 
gdp_iran.csv, 28, 0.07889746600126034,  267.9211 
co2_canada.csv, 28, 0.062083808663923414,  210.8125 
lga_passengers.csv, 28, 0.6172723572001815,  2104.8 
rail_lines.csv, 28, 0.017635527795467024,  59.36095 
occupancy.csv, 28, 0.5447135871851969,  1892.4 
uk_coal_employ.csv, 28, 0.016072535454658584,  54.6087 
bitcoin.csv, 28, 0.1349342418584456,  455.4546 
quality_control_3.csv, 28, 0.03916280889861331,  132.9868 
measles.csv, 28, 0.1391113642122367,  471.3182 
us_population.csv, 28, 0.5334258142557701,  1823.2 
gdp_argentina.csv, 28, 0.0072225783890172875,  24.61425 
quality_control_5.csv, 28, 0.046818254401336565,  158.746 
debt_ireland.csv, 28, 0.005618472893604124,  18.93384 
gdp_croatia.csv, 28, 0.0038392018981035256,  12.91097 
ratner_stock.csv, 28, 0.09286193407189103,  317.0625 
quality_control_1.csv, 28, 0.03909859348220236,  133.1053 
usd_isk.csv, 28, 0.47061571986769196,  1602.7 
iceland_tourism.csv, 28, 0.0831304515522283,  284.3333 
homeruns.csv, 28, 0.1777041164576825,  601.5883 
global_co2.csv, 28, 0.09161052748035559,  313.9375 
bank.csv, 29, 0.10276353452342125,  353.1035 
shanghai_license.csv, 29, 0.07436756353320106,  253.7 
nile.csv, 29, 0.0726041750872244,  249.0732 
construction.csv, 29, 0.05352775742106327,  181.0714 
well_log.csv, 29, 0.239605742585669,  813.1539 
centralia.csv, 29, 0.0022283389916616355,  7.528217 
gdp_japan.csv, 29, 0.005554721034647175,  18.90737 
jfk_passengers.csv, 29, 0.052784934673484586,  179.8393 
businv.csv, 29, 0.5955054760818712,  2038.1 
quality_control_4.csv, 29, 0.07351920898240678,  250.45 
brent_spot.csv, 29, 0.17843742171691487,  615.0588 
robocalls.csv, 29, 0.04689296392997733,  158.6719 
ozone.csv, 29, 0.008349034914368983,  28.28531 
scanline_42049.csv, 29, 0.501843286845542,  1709.5 
seatbelts.csv, 29, 0.033792450116390226,  115.2184 
bee_waggle_6.csv, 29, 0.2344590304772702,  821.0 
quality_control_2.csv, 29, 0.13012337764255633,  444.0869 
children_per_woman.csv, 29, 0.2147235377657515,  739.1429 
apple.csv, 29, 0.0703362109471484,  242.4286 
run_log.csv, 29, 0.194699172873455,  669.4 
scanline_126007.csv, 29, 0.232970480215954,  797.8461 
unemployment_nl.csv, 29, 0.12353487269861792,  422.1667 
gdp_iran.csv, 29, 0.0349139409378896,  118.5412 
co2_canada.csv, 29, 0.06065937341977866,  206.5306 
lga_passengers.csv, 29, 0.06992873725943524,  237.0465 
rail_lines.csv, 29, 0.016251470640240198,  54.88525 
occupancy.csv, 29, 0.6715918833288924,  2346.3 
uk_coal_employ.csv, 29, 0.014809115189102579,  50.45729 
bitcoin.csv, 29, 0.0811743261039393,  274.946 
quality_control_3.csv, 29, 0.06536286549217038,  223.3778 
measles.csv, 29, 0.14560684321917333,  497.9048 
us_population.csv, 29, 0.07394466005039249,  250.65 
gdp_argentina.csv, 29, 0.024780674043995532,  83.78333 
quality_control_5.csv, 29, 0.0956599737891074,  327.4839 
debt_ireland.csv, 29, 0.0052700350889310875,  17.72743 
gdp_croatia.csv, 29, 0.0035184979156929223,  11.90131 
ratner_stock.csv, 29, 0.20595744655881087,  705.5333 
quality_control_1.csv, 29, 0.05311655963730898,  179.8036 
usd_isk.csv, 29, 0.2545673232024607,  875.4167 
iceland_tourism.csv, 29, 0.049581203857117846,  168.8333 
homeruns.csv, 29, 0.07738623324791824,  262.8974 
global_co2.csv, 29, 0.06981610917290752,  239.7143 
bank.csv, 30, 0.18610982350389804,  633.6875 
shanghai_license.csv, 30, 0.042852434705626205,  145.3188 
nile.csv, 30, 0.10397089134952192,  353.5517 
construction.csv, 30, 0.39733705025219024,  1346.8 
well_log.csv, 30, 0.19058031196738057,  646.875 
centralia.csv, 30, 0.004488594954485813,  15.11027 
gdp_japan.csv, 30, 0.006164602399608535,  20.85417 
jfk_passengers.csv, 30, 0.04832318166686931,  163.2097 
businv.csv, 30, 0.6580311716957112,  2239.9 
quality_control_4.csv, 30, 0.1774180774041002,  608.2941 
brent_spot.csv, 30, 0.11115879121721432,  375.9259 
robocalls.csv, 30, 0.016147577875590683,  54.61413 
ozone.csv, 30, 0.005466389704179164,  18.53889 
scanline_42049.csv, 30, 0.07889680089699955,  269.3158 
seatbelts.csv, 30, 0.020407350691306822,  69.63194 
bee_waggle_6.csv, 30, 0.1324727492069955,  459.6364 
quality_control_2.csv, 30, 0.04312328810891009,  146.1304 
children_per_woman.csv, 30, 0.25059419495354024,  858.3333 
apple.csv, 30, 0.1235991516316896,  425.375 
run_log.csv, 30, 0.07203373137273468,  246.7561 
scanline_126007.csv, 30, 0.1080382730207735,  367.3929 
unemployment_nl.csv, 30, 0.04328197163915214,  146.1304 
gdp_iran.csv, 30, 0.013473627334338142,  45.43439 
co2_canada.csv, 30, 0.04322548568822073,  146.3044 
lga_passengers.csv, 30, 1.2395954488493772,  4212.6 
rail_lines.csv, 30, 0.012366230004961351,  41.6639 
occupancy.csv, 30, 0.6257829275333279,  2171.1 
uk_coal_employ.csv, 30, 0.012499779360110505,  42.29958 
bitcoin.csv, 30, 0.19164242205852133,  654.25 
quality_control_3.csv, 30, 0.2728923468083932,  933.0 
measles.csv, 30, 0.5257258919938067,  1792.8 
us_population.csv, 30, 0.6388382626036219,  2183.0 
gdp_argentina.csv, 30, 0.007393338821374452,  25.21663 
quality_control_5.csv, 30, 0.03226105614196414,  109.5652 
debt_ireland.csv, 30, 0.005756911615206323,  19.3559 
gdp_croatia.csv, 30, 0.0030050177726754766,  10.143 
ratner_stock.csv, 30, 0.05586297303879864,  188.5556 
quality_control_1.csv, 30, 0.32429169299703064,  1104.3 
usd_isk.csv, 30, 0.3255870089873497,  1107.0 
iceland_tourism.csv, 30, 0.0685280473302431,  232.1818 
homeruns.csv, 30, 0.051219268395972656,  172.7931 
global_co2.csv, 30, 0.08848386997600327,  301.3824 
bank.csv, 31, 0.1751856004837143,  597.647 
shanghai_license.csv, 31, 0.026885936830306243,  91.43636 
nile.csv, 31, 0.014938260651685034,  50.46734 
construction.csv, 31, 0.7922653078879194,  2694.5 
well_log.csv, 31, 0.47304513942863197,  1614.0 
centralia.csv, 31, 0.0045094850294900065,  15.16818 
gdp_japan.csv, 31, 0.009902650833835088,  33.58054 
jfk_passengers.csv, 31, 0.20644587142263238,  705.2 
businv.csv, 31, 0.5359977297268415,  1821.6 
quality_control_4.csv, 31, 0.15213212909693538,  515.8 
brent_spot.csv, 31, 0.22622594623161213,  766.5 
robocalls.csv, 31, 0.05105336306269237,  172.569 
ozone.csv, 31, 0.005483504265292776,  18.60781 
scanline_42049.csv, 31, 0.22252736400365133,  752.7143 
seatbelts.csv, 31, 0.061629963370990026,  211.0417 
bee_waggle_6.csv, 31, 0.12425549175289537,  428.6667 
quality_control_2.csv, 31, 0.5968900127862071,  2037.6 
children_per_woman.csv, 31, 0.9615564090295265,  3276.4 
apple.csv, 31, 0.15181958812831908,  520.1 
run_log.csv, 31, 0.19659052252288045,  673.9333 
scanline_126007.csv, 31, 0.23346203351040737,  791.9231 
unemployment_nl.csv, 31, 0.08964659003206842,  304.0909 
gdp_iran.csv, 31, 0.050523259097783504,  171.4915 
co2_canada.csv, 31, 0.07397657589817755,  251.65 
lga_passengers.csv, 31, 0.2348301017524276,  795.6923 
rail_lines.csv, 31, 0.01829041248715086,  61.48466 
occupancy.csv, 31, 0.1252402181327549,  434.125 
uk_coal_employ.csv, 31, 0.014585187387736226,  49.18628 
bitcoin.csv, 31, 0.1274635692254075,  431.4167 
quality_control_3.csv, 31, 0.4565453252306725,  1558.8 
measles.csv, 31, 0.20851715776507262,  719.0 
us_population.csv, 31, 2.045699934021832,  6967.9 
gdp_argentina.csv, 31, 0.007403114504901591,  25.25758 
quality_control_5.csv, 31, 0.04352327235868442,  148.4412 
debt_ireland.csv, 31, 0.004700309337591488,  15.83544 
gdp_croatia.csv, 31, 0.003019099323623745,  10.19878 
ratner_stock.csv, 31, 0.20824283163122648,  712.4 
quality_control_1.csv, 31, 0.2577570192257402,  875.8333 
usd_isk.csv, 31, 0.5932840281781864,  2023.4 
iceland_tourism.csv, 31, 0.028507479691422935,  96.25961 
homeruns.csv, 31, 0.08848616174945538,  298.3824 
global_co2.csv, 31, 0.1949393245757771,  667.4667 
bank.csv, 32, 0.13662155728372288,  467.5909 
shanghai_license.csv, 32, 0.030327708128631278,  103.3711 
nile.csv, 32, 0.013507169357983842,  45.72603 
construction.csv, 32, 0.7332553831577571,  2500.7 
well_log.csv, 32, 0.3968662418814347,  1348.6 
centralia.csv, 32, 0.002154280160700553,  7.246198 
gdp_japan.csv, 32, 0.005351246399444459,  18.18909 
jfk_passengers.csv, 32, 0.14550598734682094,  496.8095 
businv.csv, 32, 0.47374466924720765,  1614.0 
quality_control_4.csv, 32, 0.08869314787307303,  302.0882 
brent_spot.csv, 32, 0.24270297045705563,  822.3077 
robocalls.csv, 32, 0.02624244762180558,  88.53983 
ozone.csv, 32, 0.008083604254720168,  27.37978 
scanline_42049.csv, 32, 0.08050032297093845,  272.6487 
seatbelts.csv, 32, 0.047281884423755985,  161.8871 
bee_waggle_6.csv, 32, 0.10867701976426529,  378.0 
quality_control_2.csv, 32, 0.02210760782548535,  74.77612 
children_per_woman.csv, 32, 0.22365242854935527,  765.6429 
apple.csv, 32, 0.3463579114191816,  1195.4 
run_log.csv, 32, 0.0652714996777124,  223.6444 
scanline_126007.csv, 32, 0.2241084403971659,  762.0 
unemployment_nl.csv, 32, 0.06147000967708512,  208.75 
gdp_iran.csv, 32, 0.07012704567813714,  238.381 
co2_canada.csv, 32, 0.06472062644819665,  219.8696 
lga_passengers.csv, 32, 0.44223725101646777,  1514.9 
rail_lines.csv, 32, 0.01566836233220161,  52.69474 
occupancy.csv, 32, 0.1879838283424533,  653.0 
uk_coal_employ.csv, 32, 0.13159824712495363,  449.0435 
bitcoin.csv, 32, 0.1867578534145764,  634.4375 
quality_control_3.csv, 32, 0.04688657757722265,  159.0794 
measles.csv, 32, 0.20446932674446242,  704.3333 
us_population.csv, 32, 1.6708737279675916,  5710.2 
gdp_argentina.csv, 32, 0.00656486216353421,  22.4094 
quality_control_5.csv, 32, 0.03535823220479307,  120.3929 
debt_ireland.csv, 32, 0.00410854431449673,  13.84509 
gdp_croatia.csv, 32, 0.0026522007167776402,  8.932143 
ratner_stock.csv, 32, 0.26482099316369084,  904.0833 
quality_control_1.csv, 32, 0.0672004352093154,  227.4318 
usd_isk.csv, 32, 0.44167570250892824,  1507.0 
iceland_tourism.csv, 32, 0.11366065227691881,  389.7308 
homeruns.csv, 32, 0.07610931260702412,  256.8974 
global_co2.csv, 32, 0.08351869473613728,  287.0571 
bank.csv, 33, 0.2510868058403351,  857.4167 
shanghai_license.csv, 33, 0.1903318378170411,  651.3125 
nile.csv, 33, 0.1092316687067653,  370.1786 
construction.csv, 33, 0.993552083177019,  3370.9 
well_log.csv, 33, 0.9271045068359853,  3146.7 
centralia.csv, 33, 0.0038033000675152303,  12.86118 
gdp_japan.csv, 33, 0.007858541283521238,  26.67467 
jfk_passengers.csv, 33, 0.17889235035122777,  608.8823 
businv.csv, 33, 0.6904209657494903,  2340.6 
quality_control_4.csv, 33, 0.1939268292122165,  656.5625 
brent_spot.csv, 33, 0.3204565428443857,  1083.0 
robocalls.csv, 33, 0.06652295586791297,  224.9333 
ozone.csv, 33, 0.007027856703583431,  23.77197 
scanline_42049.csv, 33, 0.37994322507202016,  1287.7 
seatbelts.csv, 33, 0.07831655050892407,  267.4474 
bee_waggle_6.csv, 33, 0.19674295970453387,  684.4 
quality_control_2.csv, 33, 0.07954177794377952,  270.8919 
children_per_woman.csv, 33, 0.35200355347024015,  1204.3 
apple.csv, 33, 0.11875545461407455,  407.84 
run_log.csv, 33, 0.12594423413869058,  431.1667 
scanline_126007.csv, 33, 0.29077601174288825,  984.6364 
unemployment_nl.csv, 33, 0.050079263551135414,  170.1695 
gdp_iran.csv, 33, 0.10462299050758984,  354.5862 
co2_canada.csv, 33, 0.09615524815977082,  326.3548 
lga_passengers.csv, 33, 0.4433606874154975,  1504.2 
rail_lines.csv, 33, 0.0163797653031047,  55.1978 
occupancy.csv, 33, 0.3275849035633655,  1136.1 
uk_coal_employ.csv, 33, 0.08519054358096452,  289.0857 
bitcoin.csv, 33, 0.1436546964097423,  488.2857 
quality_control_3.csv, 33, 0.05491792222574077,  185.8148 
measles.csv, 33, 0.4016004986247935,  1368.5 
us_population.csv, 33, 2.4259287628068704,  8244.8 
gdp_argentina.csv, 33, 0.009415738434419122,  32.05112 
quality_control_5.csv, 33, 0.05902458596909698,  199.8431 
debt_ireland.csv, 33, 0.006163592752762545,  20.73499 
gdp_croatia.csv, 33, 0.005125409369178871,  17.30623 
ratner_stock.csv, 33, 0.2961758339134576,  1013.9 
quality_control_1.csv, 33, 0.04957991342294008,  168.8833 
usd_isk.csv, 33, 0.7447648333243706,  2531.8 
iceland_tourism.csv, 33, 0.15522843109652298,  529.4211 
homeruns.csv, 33, 0.07459813093321373,  253.475 
global_co2.csv, 33, 0.27860865686389763,  949.3636 
bank.csv, 34, 0.08665327699271289,  297.3529 
shanghai_license.csv, 34, 0.018107093335076548,  61.75926 
nile.csv, 34, 0.025519770956373616,  87.09565 
construction.csv, 34, 0.5949341432455185,  2049.5 
well_log.csv, 34, 0.8309457422941705,  2862.3 
centralia.csv, 34, 0.0018851162455655979,  6.388889 
gdp_japan.csv, 34, 0.0041455942661605405,  14.13983 
jfk_passengers.csv, 34, 0.05822658827022964,  197.9804 
businv.csv, 34, 0.1596151168542316,  548.0 
quality_control_4.csv, 34, 0.11939048369189549,  409.4 
brent_spot.csv, 34, 0.0925881806502673,  313.9375 
robocalls.csv, 34, 0.03311090271001396,  113.4494 
ozone.csv, 34, 0.010783431557747329,  36.78677 
scanline_42049.csv, 34, 0.24621810020054605,  851.8333 
seatbelts.csv, 34, 0.05646011057214869,  193.8846 
bee_waggle_6.csv, 34, 0.1945075860382834,  689.4667 
quality_control_2.csv, 34, 0.02161737031982301,  74.2 
children_per_woman.csv, 34, 0.10268361928771402,  350.1379 
apple.csv, 34, 0.1244842199021529,  430.3333 
run_log.csv, 34, 0.04711388874070068,  163.1774 
scanline_126007.csv, 34, 0.22194722720275553,  762.9286 
unemployment_nl.csv, 34, 0.04125863095550307,  140.0 
gdp_iran.csv, 34, 0.004726730296076558,  16.07063 
co2_canada.csv, 34, 0.024099935285008898,  82.12295 
lga_passengers.csv, 34, 0.27347568204723677,  933.0909 
rail_lines.csv, 34, 0.007874045588926584,  26.7754 
occupancy.csv, 34, 0.7609665532389045,  2682.1 
uk_coal_employ.csv, 34, 0.057582937256591,  198.0784 
bitcoin.csv, 34, 0.05407075002501436,  184.0364 
quality_control_3.csv, 34, 0.13974451828575443,  478.7619 
measles.csv, 34, 0.2753488251018181,  951.4545 
us_population.csv, 34, 0.5196306164905764,  1784.2 
gdp_argentina.csv, 34, 0.005189532040969494,  17.90698 
quality_control_5.csv, 34, 0.11370683092977393,  391.7308 
debt_ireland.csv, 34, 0.003004034398746234,  10.1687 
gdp_croatia.csv, 34, 0.005101667739066255,  17.40348 
ratner_stock.csv, 34, 0.20272631768105687,  697.0667 
quality_control_1.csv, 34, 0.11919657977057796,  409.84 
usd_isk.csv, 34, 0.03189498172163909,  108.5484 
iceland_tourism.csv, 34, 0.12052775762764213,  416.48 
homeruns.csv, 34, 0.0407091766446178,  139.1528 
global_co2.csv, 34, 0.01065733087964534,  36.58759 
bank.csv, 35, 0.14869733994901252,  510.85 
shanghai_license.csv, 35, 0.14347076595532554,  491.2857 
nile.csv, 35, 0.033431872346888915,  113.6477 
construction.csv, 35, 0.9558646573581427,  3254.0 
well_log.csv, 35, 0.4155729409085325,  1411.0 
centralia.csv, 35, 0.0036574800678040825,  12.39653 
gdp_japan.csv, 35, 0.012148687582612557,  41.29218 
jfk_passengers.csv, 35, 0.23502794445406694,  801.7692 
businv.csv, 35, 0.6602313182007492,  2247.4 
quality_control_4.csv, 35, 0.22524070242265484,  764.2857 
brent_spot.csv, 35, 0.27748619760975335,  946.7273 
robocalls.csv, 35, 0.009715637380329673,  32.92763 
ozone.csv, 35, 0.00672057202384117,  22.92677 
scanline_42049.csv, 35, 0.7180492824099929,  2456.6 
seatbelts.csv, 35, 0.06559381737214506,  224.6444 
bee_waggle_6.csv, 35, 0.6536664209044829,  2285.8 
quality_control_2.csv, 35, 0.06520354567158695,  222.2444 
children_per_woman.csv, 35, 1.0636058754500481,  3629.1 
apple.csv, 35, 0.6021361931236242,  2073.3 
run_log.csv, 35, 0.07678847614687057,  263.8158 
scanline_126007.csv, 35, 0.28914264079536556,  981.8182 
unemployment_nl.csv, 35, 0.12111327549966518,  415.2 
gdp_iran.csv, 35, 0.09956980245903348,  339.6333 
co2_canada.csv, 35, 0.1738800738759678,  590.647 
lga_passengers.csv, 35, 1.5535425662630586,  5290.9 
rail_lines.csv, 35, 0.01281518202305559,  43.45454 
occupancy.csv, 35, 0.12599979090080762,  437.7826 
uk_coal_employ.csv, 35, 0.14548970220693308,  495.381 
bitcoin.csv, 35, 0.2782369214591282,  949.2727 
quality_control_3.csv, 35, 0.08046421434482909,  274.2703 
measles.csv, 35, 0.4610492282874475,  1579.6 
us_population.csv, 35, 0.7416660012228021,  2540.6 
gdp_argentina.csv, 35, 0.009129368684469829,  31.24299 
quality_control_5.csv, 35, 0.2764628865011632,  940.6364 
debt_ireland.csv, 35, 0.007246239104853314,  24.52206 
gdp_croatia.csv, 35, 0.004903088950646464,  16.62625 
ratner_stock.csv, 35, 0.2883463424424752,  985.8182 
quality_control_1.csv, 35, 0.04912410267140028,  168.0 
usd_isk.csv, 35, 0.3578078131055008,  1219.2 
iceland_tourism.csv, 35, 0.15959446264902286,  548.0526 
homeruns.csv, 35, 0.12519355908011676,  423.5 
global_co2.csv, 35, 0.09741069494405868,  335.5667 
bank.csv, 36, 0.21026581680897444,  717.4286 
shanghai_license.csv, 36, 0.11343582200256955,  386.7308 
nile.csv, 36, 0.0161020481516615,  54.36413 
construction.csv, 36, 0.5492474489645247,  1863.3 
well_log.csv, 36, 0.6358404823746241,  2155.6 
centralia.csv, 36, 0.0026396409447820963,  8.861825 
gdp_japan.csv, 36, 0.010318729217895211,  34.85366 
jfk_passengers.csv, 36, 0.7449982456051657,  2536.3 
businv.csv, 36, 0.6296796479244222,  2134.8 
quality_control_4.csv, 36, 0.8101756490648768,  2760.0 
brent_spot.csv, 36, 0.40917415728526974,  1395.2 
robocalls.csv, 36, 0.017536741036672215,  59.15882 
ozone.csv, 36, 0.005868532251180198,  19.91451 
scanline_42049.csv, 36, 0.08307552856892168,  281.4445 
seatbelts.csv, 36, 0.11992802260203461,  408.32 
bee_waggle_6.csv, 36, 0.5130221717816312,  1783.7 
quality_control_2.csv, 36, 0.26237602058578585,  888.6667 
children_per_woman.csv, 36, 0.45005850770685357,  1535.9 
apple.csv, 36, 0.3315754382892919,  1130.6 
run_log.csv, 36, 0.2328246634410439,  793.7692 
scanline_126007.csv, 36, 0.6694142387865213,  2272.1 
unemployment_nl.csv, 36, 0.14161658255068774,  480.0 
gdp_iran.csv, 36, 0.02874926911813992,  97.48544 
co2_canada.csv, 36, 0.030720717451932267,  103.8763 
lga_passengers.csv, 36, 0.2509436540981369,  850.25 
rail_lines.csv, 36, 0.019667886025040056,  66.37086 
occupancy.csv, 36, 0.5774836737626174,  1997.0 
uk_coal_employ.csv, 36, 0.03804075248545138,  129.3077 
bitcoin.csv, 36, 0.3237410154957615,  1104.7 
quality_control_3.csv, 36, 0.04076276548607582,  138.3973 
measles.csv, 36, 0.32030431795974434,  1090.6 
us_population.csv, 36, 0.8626813232684072,  2939.2 
gdp_argentina.csv, 36, 0.007892235392906616,  26.86863 
quality_control_5.csv, 36, 0.11592012592378663,  393.8077 
debt_ireland.csv, 36, 0.0050939520420369274,  17.08703 
gdp_croatia.csv, 36, 0.0032637058774493887,  11.01762 
ratner_stock.csv, 36, 0.27473143347511225,  935.7273 
quality_control_1.csv, 36, 0.046875620214109404,  158.4219 
usd_isk.csv, 36, 0.4549506977113197,  1544.5 
iceland_tourism.csv, 36, 0.03607698257182636,  121.9157 
homeruns.csv, 36, 0.05285806423691091,  178.7857 
global_co2.csv, 36, 0.2420440735477314,  826.9231 
bank.csv, 37, 0.10104747709950364,  344.3333 
shanghai_license.csv, 37, 0.17956355511898223,  612.7059 
nile.csv, 37, 0.11453514712817335,  388.3077 
construction.csv, 37, 0.2110970306328974,  718.9286 
well_log.csv, 37, 0.1227190386235452,  416.6 
centralia.csv, 37, 0.002601167679083454,  8.773685 
gdp_japan.csv, 37, 0.006525699368084721,  22.13938 
jfk_passengers.csv, 37, 0.07429032713134802,  252.325 
businv.csv, 37, 0.22463116503188627,  766.4286 
quality_control_4.csv, 37, 0.08260981968861517,  281.6111 
brent_spot.csv, 37, 0.19863922952111654,  667.1334 
robocalls.csv, 37, 0.02849871625391223,  96.20192 
ozone.csv, 37, 0.005820808646503774,  19.68566 
scanline_42049.csv, 37, 0.30263125210203723,  1029.2 
seatbelts.csv, 37, 0.06593355472780078,  223.9778 
bee_waggle_6.csv, 37, 0.11396394604421053,  395.0 
quality_control_2.csv, 37, 0.08348698558736739,  281.9167 
children_per_woman.csv, 37, 0.7616642257053172,  2588.9 
apple.csv, 37, 0.12299376064531013,  422.875 
run_log.csv, 37, 0.11782728925558891,  399.1538 
scanline_126007.csv, 37, 0.11769793108858441,  397.1538 
unemployment_nl.csv, 37, 0.10209882401607595,  344.931 
gdp_iran.csv, 37, 0.024740655513763463,  83.94167 
co2_canada.csv, 37, 0.0426688538388979,  144.8714 
lga_passengers.csv, 37, 0.09218874815671756,  310.9697 
rail_lines.csv, 37, 0.013350791279850708,  44.92825 
occupancy.csv, 37, 1.9372212912348914,  6733.3 
uk_coal_employ.csv, 37, 0.06285952548499521,  212.8298 
bitcoin.csv, 37, 0.30708831240226575,  1052.2 
quality_control_3.csv, 37, 0.7579212136244677,  2579.6 
measles.csv, 37, 0.3976681684378491,  1361.0 
us_population.csv, 37, 1.2143850377220589,  4136.3 
gdp_argentina.csv, 37, 0.007815161657652845,  26.59947 
quality_control_5.csv, 37, 0.08798838030949863,  300.1176 
debt_ireland.csv, 37, 0.006232727166058319,  20.96646 
gdp_croatia.csv, 37, 0.0042031363168700785,  14.19007 
ratner_stock.csv, 37, 0.13827246274616878,  470.9546 
quality_control_1.csv, 37, 0.16724083937970136,  569.6667 
usd_isk.csv, 37, 0.32403248425707715,  1103.3 
iceland_tourism.csv, 37, 0.06966293703590054,  236.6744 
homeruns.csv, 37, 0.0553588221800291,  186.6296 
global_co2.csv, 37, 0.06633033377931699,  227.0 
bank.csv, 38, 0.13972344905232603,  472.8182 
shanghai_license.csv, 38, 0.054646174283132294,  185.4815 
nile.csv, 38, 0.15282797795989608,  518.7 
construction.csv, 38, 0.19038678990750668,  646.6875 
well_log.csv, 38, 0.1442609633683051,  487.5238 
centralia.csv, 38, 0.003538697043875581,  11.92134 
gdp_japan.csv, 38, 0.0073410502269117515,  24.90796 
jfk_passengers.csv, 38, 0.05314429275767907,  178.6964 
businv.csv, 38, 0.7865130521531682,  2675.2 
quality_control_4.csv, 38, 0.21168319959724613,  723.8571 
brent_spot.csv, 38, 0.10399432916986778,  349.4483 
robocalls.csv, 38, 0.019680120397743844,  66.51656 
ozone.csv, 38, 0.01127927617687312,  38.1635 
scanline_42049.csv, 38, 0.4432227279045037,  1511.0 
seatbelts.csv, 38, 0.029880021105655033,  100.87 
bee_waggle_6.csv, 38, 0.09188826006919726,  315.1875 
quality_control_2.csv, 38, 0.053104420031981396,  180.5 
children_per_woman.csv, 38, 0.2851697226897985,  974.2727 
apple.csv, 38, 0.7626108811218728,  2603.3 
run_log.csv, 38, 0.32434766127153125,  1108.5 
scanline_126007.csv, 38, 0.14573316266735978,  496.5714 
unemployment_nl.csv, 38, 0.05363413368919672,  181.6429 
gdp_iran.csv, 38, 0.03371275690334518,  114.1136 
co2_canada.csv, 38, 0.04829854561106209,  163.0323 
lga_passengers.csv, 38, 0.0944903799278336,  318.4688 
rail_lines.csv, 38, 0.015129409771510168,  51.03571 
occupancy.csv, 38, 0.5672616085561458,  1954.1 
uk_coal_employ.csv, 38, 0.1853739506062766,  629.5 
bitcoin.csv, 38, 0.45078373564883806,  1537.3 
quality_control_3.csv, 38, 0.05321533399296641,  180.3214 
measles.csv, 38, 0.22738583609582116,  771.1539 
us_population.csv, 38, 0.5076477210142911, 
gdp_argentina.csv, 38, 0.008746712652390392,  29.75074 
quality_control_5.csv, 38, 0.2637777854644507,  898.5 
debt_ireland.csv, 38, 0.0057451819595206125,  19.35783 
gdp_croatia.csv, 38, 0.00480741654783686,  16.19903 
ratner_stock.csv, 38, 0.08124264007140458,  275.054 
quality_control_1.csv, 38, 0.049980962416884725,  168.6 
usd_isk.csv, 38, 0.05711029753736231,  192.3462 
iceland_tourism.csv, 38, 0.07306565621760588,  247.9512 
homeruns.csv, 38, 0.02219291252664621,  75.22556 
global_co2.csv, 38, 0.08650139576949346,  294.5 
