2.182332369409013470e-02,1.158112831889569705e+00,-7.845689058259325277e-01,6.544993643319761967e-01
6.703008715917017912e-02,1.083404424652220532e+00,-8.350253635040856270e-01,5.930630046148340773e-01
-4.962407961380187194e-02,8.512156694331262097e-01,-5.732883558164766358e-01,8.546178991068632547e-01
2.693498930388920631e-01,9.495477811058027351e-01,-7.969367844223358421e-01,6.400555584745061255e-01
1.877176648344678137e-02,6.983834224494009923e-01,-3.582221632830442370e-01,9.944933889437904684e-01
2.065655168009388754e-01,8.535281451179104195e-01,-8.105518331533831944e-01,6.237081859704289855e-01
9.672525205243551194e-02,6.312167075480030753e-01,-3.539932394848804287e-01,9.967554462741922139e-01
3.247629479164679256e-01,8.434910663168239120e-01,-8.145282958088830849e-01,6.188417898024317632e-01
1.906632499524582303e-01,4.680747787172355734e-01,-5.102542258351126098e-02,1.119190228375594787e+00
1.567281153854182263e-01,4.955705748645065079e-01,-3.144592794182232698e-02,1.124664634720470069e+00
2.477227508527153621e-01,3.657820836085613481e-01,4.381537095929804448e-01,1.179236090831401462e+00
1.718730573777316195e-01,3.170321504502231491e-01,5.532464859507664201e-01,1.171072266903072867e+00
1.267860646114732093e-01,1.459272563534737277e-01,1.028013218897834813e+00,1.042623078965890793e+00
1.765820721439978758e-01,2.344815962608952642e-01,1.067755548215442163e+00,1.024090295682289486e+00
1.534981039464203556e-01,2.840087532286067473e-01,1.138658445222321847e+00,9.875050093670925122e-01
3.075232179991548298e-01,4.150561299715800345e-01,1.292937394574193988e+00,8.903941128934586002e-01
2.750069835358803783e-01,3.876947304339071199e-01,1.333460291700294009e+00,8.603338684473932352e-01
3.987023952438409902e-01,4.438123278300572516e-01,1.682563893426348045e+00,4.793619385563267499e-01
3.818634833272241957e-01,5.293605396521048334e-01,1.617861176786968613e+00,5.730598236658291933e-01
3.137048972853029305e-01,5.581818460580300068e-01,1.624641699697007002e+00,5.639430662662185956e-01
5.080962515135180046e-01,8.183217090123765525e-01,1.781526743551990144e+00,2.950395184703641926e-01
5.516534011043576768e-01,7.590890815070400199e-01,1.812990851081257571e+00,2.187092117396440272e-01
6.770149324787677614e-01,9.805508701921682446e-01,1.901698006180430944e+00,-1.899767775481762400e-01
7.793415924575008980e-01,1.043595833219826075e+00,1.901824845219808324e+00,-3.695938446104899411e-01
5.901373458238406977e-01,1.028232009760905452e+00,1.898654081334032018e+00,-4.102457262715721864e-01
6.241914392702013759e-01,1.018824932260799843e+00,1.875974131248692167e+00,-5.630784101841431744e-01
7.020455945114740803e-01,1.063895590620246079e+00,1.743019851702614531e+00,-9.361561790497695545e-01
5.589804531735987903e-01,1.244109699293138416e+00,1.697416397368703533e+00,-1.016983113421378260e+00
5.710354247311445475e-01,1.360006371779363787e+00,1.529736243403614804e+00,-1.241281703708944306e+00
4.363745660127079651e-01,1.614560903464373975e+00,1.420370561923899766e+00,-1.349808597757777395e+00
4.023342724273699655e-01,1.684119742022613719e+00,1.472054788847496409e+00,-1.301310684283535357e+00
3.092127476433166877e-01,1.762628932315658314e+00,1.580455200349062839e+00,-1.182403636474534503e+00
1.218862548954020297e-01,1.862025224827924319e+00,1.719956405270288702e+00,-9.785490683200724904e-01
1.244423148268394147e-01,1.998020017507048829e+00,1.639213944911709797e+00,-1.105383850062260809e+00
-1.665570011899337663e-02,2.080780783590125971e+00,1.479672278655780104e+00,-1.293760815672249098e+00
-7.285079437214234122e-02,2.331246460757988803e+00,1.273329821464228129e+00,-1.465755522295997260e+00
-2.109437995562306045e-01,2.495625949866284721e+00,1.123472270512502647e+00,-1.557283995666216336e+00
-2.709700244831677041e-01,2.491165017951448402e+00,1.013889637520246190e+00,-1.610432006042487263e+00
-3.614612339704081911e-01,2.557104625056308311e+00,9.298493021207442366e-01,-1.644299630304001170e+00
-3.181748398301298408e-01,2.573453389338276054e+00,7.105922611592375704e-01,-1.707590343887096740e+00
-4.336399384169641325e-01,2.624898894718341147e+00,4.342901088830102840e-01,-1.740913059533237384e+00
-6.383446754825499170e-01,2.697215904554425947e+00,-1.397076041476627006e-01,-1.652445166706582036e+00
-6.739592771033018348e-01,2.702807611068832827e+00,-2.872341845946521643e-01,-1.591830813960507074e+00
-7.950975011208157861e-01,2.702415468077723038e+00,-4.468631625996964396e-01,-1.504568948675578888e+00
-8.508311606343287314e-01,2.688520289150072795e+00,-6.945932927497640019e-01,-1.310956648616991904e+00
-8.800923167245432444e-01,2.656006614769832019e+00,-6.896445462338681720e-01,-1.315714868460803766e+00
-9.854816607329349720e-01,2.602325100134247116e+00,-8.057237125743367256e-01,-1.191109254988482968e+00
-1.038898153241855082e+00,2.458087730776865154e+00,-8.181515051921258719e-01,-1.175919403981964262e+00
-1.005400189094129315e+00,2.364845387759908935e+00,-8.271818858104829086e-01,-1.164617157841244088e+00
-1.113007988946979054e+00,2.314261703334604015e+00,-8.671366669199969124e-01,-1.111684040907252813e+00
-1.210090562098056211e+00,2.241772385917069510e+00,-8.644728672990621421e-01,-1.115372492640483326e+00
-1.355802668070571926e+00,2.117865629319265253e+00,-9.563497580230428952e-01,-9.715042331754071281e-01
-1.404718981187393245e+00,2.161307463669678519e+00,-1.045055191908065950e+00,-7.812291125612131903e-01
-1.348140377419779545e+00,2.188268040236205803e+00,-1.068282532211200619e+00,-7.151788620908496874e-01
-1.359721212832456727e+00,2.188197361719319112e+00,-1.093605062463477440e+00,-6.275527630236767962e-01
-1.362848557632142077e+00,2.122133370988576129e+00,-1.135909708752870451e+00,-2.237037227519433624e-01
-1.330433540891281963e+00,2.166119643263221040e+00,-1.126572523491792488e+00,-1.094148282469025180e-01
-1.436699671687078572e+00,2.042612177376450955e+00,-9.582215593246857788e-01,4.065936531961080735e-01
-1.497195999137798772e+00,1.997430370636979591e+00,-7.402920622634268089e-01,7.032983923132549720e-01
-1.665526392893579510e+00,2.002530158339588251e+00,-5.761906429633557591e-01,8.523547025546481803e-01
-1.614255980176638738e+00,2.011253729017473901e+00,-6.157060574416227672e-01,8.203761746659113951e-01
-1.571287134734937085e+00,1.961856737723642663e+00,-4.867332884740132037e-01,9.171761560850557604e-01
-1.556347316536706771e+00,1.914945396630508778e+00,-3.590070232387713167e-01,9.940717004837467119e-01
-1.528927176984441028e+00,1.912323834358072849e+00,-3.812629227099759155e-01,9.818681077475102104e-01
-1.505014848466884381e+00,1.752473500725605371e+00,1.914552578828390972e-01,1.168440914746073922e+00
-1.377026794274027965e+00,2.014428526051085466e+00,-7.462626390293826129e-01,6.969680417019290530e-01
-1.484070504415693437e+00,1.716239648514287452e+00,-1.015020683378748678e-01,1.103799397193106380e+00
-1.311989314310279431e+00,1.956837617567129373e+00,-8.046240656558846238e-01,6.308846554387543826e-01
-1.507196831307985097e+00,1.670218941837036120e+00,7.297483678547619923e-02,1.149336467789016547e+00
-1.225802462037766771e+00,2.128762522760947462e+00,-8.635794021521520092e-01,5.550553112551810386e-01
-1.414851823246890961e+00,1.757146867664802103e+00,-3.282879313082744388e-01,1.010145016288877207e+00
-1.343318840151917382e+00,1.901320185256118123e+00,-7.954193628985237741e-01,6.418480799891826960e-01
-1.477368475726241970e+00,1.689742732128541425e+00,-6.110860314977927255e-01,8.242301059743637470e-01
-1.365233490129291294e+00,1.931297917926674046e+00,-8.977161339622847791e-01,5.059602934102005456e-01
-1.311711635058458558e+00,1.599976942885787290e+00,-4.904506098997528651e-01,9.146755780269405500e-01
-1.427109591093608021e+00,1.556612076683990820e+00,-6.142819132116668079e-01,8.215675082280919916e-01
-1.274187488988377970e+00,1.557220751218260757e+00,-6.923487735556798084e-01,7.515712588919368775e-01
-1.282397720441871947e+00,1.416077913638320585e+00,-5.060130595387473118e-01,9.040328626382413413e-01
-1.151677401238140330e+00,1.583361972603851697e+00,-9.019233082227923193e-01,4.996004835564762936e-01
-1.319410787200991919e+00,1.287908114198407450e+00,-2.078168735198926975e-01,1.065107442889340117e+00
-9.943854646454931556e-01,1.629719531229105289e+00,-9.876230614623261461e-01,3.507776275589551407e-01
-1.203643128256157047e+00,1.245374439519983056e+00,-4.378758120935776765e-01,9.486058304904926297e-01
-1.160812133088875209e+00,1.340937792851246035e+00,-6.822250223865017338e-01,7.612184763025936496e-01
-1.015675953747773086e+00,1.304212054231323581e+00,-7.959008433380134750e-01,6.412799368748371975e-01
-1.080394904679886858e+00,1.273858432646581162e+00,-4.610062998797835876e-01,9.340535547859681875e-01
-9.711429846768497853e-01,1.219410738819459938e+00,-6.159300663853507496e-01,8.201885133234092518e-01
-9.756390014869525951e-01,9.734173819297793351e-01,-4.774548287693336501e-01,9.233487582952580874e-01
-8.453544407424767870e-01,1.051419306789121988e+00,-8.203847615293909934e-01,6.115965507443914539e-01
-8.756780768666749815e-01,9.917069662041777534e-01,-8.597943014376837612e-01,5.602437819214105552e-01
-8.701955250194061131e-01,8.708533430930426311e-01,-8.728660913038522873e-01,5.421188422849512190e-01
-6.557775614930654307e-01,9.972508800323881539e-01,-1.123980569860613787e+00,-8.950822410651601557e-02
-7.901028169855522920e-01,7.641748044354658154e-01,-1.007022175686558718e+00,3.103363911290165644e-01
-4.154498314897229760e-01,8.967031944518204511e-01,-1.119018166377785617e+00,-5.052039347346908293e-01
-5.388379132930893878e-01,8.427295797236531438e-01,-1.113554482787352029e+00,-5.366932361574959787e-01
-4.076399389628015402e-01,8.204474203556822998e-01,-1.035228594945003300e+00,-8.063961972068858231e-01
-3.654989749542829069e-01,7.172924579366311004e-01,-9.320871046424775708e-01,-1.013285428775470454e+00
-4.175785529398622908e-01,5.434619219866889672e-01,-9.001315679481837195e-01,-1.063866772401574234e+00
-4.201463144347545864e-01,5.299181126969964017e-01,-8.871813889451579671e-01,-1.083123755846325365e+00
-4.673059061691445248e-01,4.109466473773953354e-01,-6.994569698670342062e-01,-1.306237238926668098e+00
-4.754538141787843508e-01,4.010055052814660570e-01,-5.704707439789563628e-01,-1.418353147506236978e+00
-5.593689530962091538e-01,4.178318723272210766e-01,-4.430765443182592689e-01,-1.506932915423145003e+00
-7.398005362440875921e-01,4.787719711580428195e-01,-1.192449777910501579e-01,-1.659492533763866184e+00
-8.310547978274013259e-01,4.442983682457189443e-01,-1.476968131613319857e-01,-1.649607205304661761e+00
-9.504500622427077827e-01,4.387961001387865601e-01,4.789634073800905917e-02,-1.705643466120381868e+00
-1.082162622047159850e+00,2.695460463197831835e-01,3.057014588532160904e-01,-1.739792157002015838e+00
-1.225913598189513065e+00,2.493756997777990814e-01,1.686662522376569662e-01,-1.727030681342192286e+00
-1.412273145166827781e+00,2.374458268210500600e-01,2.436176342453344468e-01,-1.735501040671731721e+00
-1.522517813131009978e+00,2.511415771599318503e-01,1.517367612327524262e-01,-1.724613600391161183e+00
-1.579154857599502026e+00,1.667604716678810495e-01,2.125292224608817393e-01,-1.732427168440842102e+00
-1.681238280978199606e+00,1.162604976848528870e-02,1.318309675743665477e-01,-1.721531606483183152e+00
-1.827303112915298788e+00,-2.834806213518577603e-02,4.845161887526785449e-01,-1.738510811008346479e+00
-1.814587279663525621e+00,-8.064865599466508606e-02,8.479373661226609071e-01,-1.672018133666085982e+00
-1.781576102166614994e+00,-7.443094245242441731e-02,1.049111132020627890e+00,-1.594504265803796450e+00
-1.799207224163402730e+00,-8.103752046532963771e-02,1.329121998064292764e+00,-1.425202010918344975e+00
-1.806292677749266495e+00,-2.754730131687914418e-02,1.444348083780586878e+00,-1.327881480401366998e+00
-1.868713154987497793e+00,-3.050058377299729936e-02,1.528380139547824035e+00,-1.242772633151264294e+00
-2.023222542170927785e+00,-2.264953512098790908e-02,1.644575828535577822e+00,-1.097800136627575140e+00
-2.059339432592881103e+00,-1.842768250008016556e-02,1.666626384578971276e+00,-1.065487320265714466e+00
-2.189150070102427570e+00,5.895592953216850785e-02,1.835087092018948152e+00,-7.175252346093200506e-01
-2.096814808585229173e+00,2.657027841048970607e-01,1.902845278483133784e+00,-3.516904617301483404e-01
-2.275546979091078281e+00,4.857914144336500928e-01,1.870887615157142303e+00,2.529635155942028257e-02
-2.343693999595336752e+00,4.402784876984404683e-01,1.795923114835187295e+00,2.616588152956471625e-01
-2.314660357070077890e+00,5.491706046514130968e-01,1.807871384150204097e+00,2.320248378318693350e-01
-2.330798143924855736e+00,5.772776652027523658e-01,1.663098771088932004e+00,5.092347253942770546e-01
-2.324823540910062381e+00,5.732477063021291785e-01,1.501010246641167223e+00,7.104697895345968295e-01
-2.320587240293259690e+00,8.705319023082692675e-01,1.351548620606460638e+00,8.462231424056519957e-01
-2.332525948947604899e+00,9.572428884385655312e-01,1.175620293336214095e+00,9.665341837014513882e-01
-2.177279811913339636e+00,9.898385283148229963e-01,1.007796533788125615e+00,1.051531990420182083e+00
-2.159485399526936522e+00,1.069674118595868029e+00,6.423293011598776303e-01,1.158904491277235715e+00
-2.103093520853748011e+00,1.125705880766409983e+00,5.544136290629978481e-01,1.170946118561056570e+00
-2.052943819574454931e+00,1.143354847619411307e+00,3.686244910761451998e-01,1.180097381778685506e+00
-2.052315529595285515e+00,1.186515659825966740e+00,4.463102242018224808e-01,1.178934750812909327e+00
-2.011839882559195658e+00,1.359492246808722937e+00,1.648602647922467468e-01,1.164954654507823539e+00
-2.017117031656473269e+00,1.455095176993699946e+00,1.096778166927981635e-01,1.156245839510428697e+00
-2.007555377055448176e+00,1.359457611773011498e+00,9.600845804280366477e-03,1.135262025066587466e+00
-1.948655414879728598e+00,1.325218556876435194e+00,1.524396836112890292e-02,1.136626999830517626e+00
-1.804266973693917420e+00,1.263901422595193003e+00,-3.007882309869043258e-01,1.023799828709960780e+00
-1.723984191087668316e+00,1.462694007619725012e+00,-7.960840603193425347e-01,6.410635893575834521e-01
-1.860407806767850225e+00,1.416539246653704565e+00,-4.850069461152020645e-01,9.183320477253820169e-01
-1.695936170730814707e+00,1.433487934289030319e+00,-4.474691999628045980e-01,9.426402491668870454e-01
-1.586374757710649952e+00,1.565021808538083148e+00,-9.315255132070734412e-01,4.526666328764201164e-01
-1.681473093024158594e+00,1.315672629845957564e+00,-3.814429652715667363e-01,9.817674277366196245e-01
-1.652342258289011934e+00,1.506965931387417967e+00,-9.030870581903973626e-01,4.978284153878749230e-01
-1.637385906065791152e+00,1.244027762290725425e+00,-3.855437356524716308e-01,9.794656673571880967e-01
-1.446328743192817345e+00,1.386867597841937805e+00,-7.252785211854974046e-01,7.188941256142712399e-01
-1.588228701944232935e+00,1.274720798326155036e+00,-5.189075914531688927e-01,8.949977120356653604e-01
-1.592108656485219376e+00,1.314997807807927632e+00,-4.523365665616956299e-01,9.395757492262987176e-01
-1.529029390748577244e+00,1.230922259076124403e+00,-5.439741188599317434e-01,8.768527977927188521e-01
-1.606998704710418613e+00,1.251845961627684023e+00,-3.681814448796209560e-01,9.890988978480281801e-01
-1.534601571632393746e+00,1.378792451070868452e+00,-5.799007728249216953e-01,8.494449377232830001e-01
-1.531316415127503827e+00,1.145459076806468079e+00,-2.161887252205210719e-01,1.061683313020714170e+00
-1.451033632521254724e+00,1.311119564326911568e+00,-7.885898492931348036e-01,6.498447467961867563e-01
-1.525906306449120509e+00,1.099330244556105507e+00,-2.642234586457899992e-01,1.040920030618387671e+00
-1.385591570337980638e+00,1.324437205636016301e+00,-7.767150890277391140e-01,6.634791514867064421e-01
-1.492635280479646331e+00,1.092512523107395550e+00,-1.524743680420492520e-01,1.086337776780484043e+00
-1.466797494822985160e+00,1.406761389175715804e+00,-7.698743666422968035e-01,6.711828677694626766e-01
-1.396852990771755065e+00,1.530284941557259915e+00,-5.669674630612472344e-01,8.595077831794966094e-01
-1.316429008546917689e+00,1.372357555801185569e+00,-1.192790022294803048e-01,1.097932152748483547e+00
-1.224427864542492639e+00,1.303204940944776347e+00,-1.054613147967273790e-01,1.102513056636097000e+00
-1.156648847361412491e+00,1.232076831765558600e+00,-4.579527479184298810e-01,9.360078792303038187e-01
-1.133913019830812718e+00,1.300022421780066884e+00,-1.643113892102866236e-01,1.081999064081130335e+00
-1.103280663250703952e+00,1.241652259317464591e+00,-3.242537186375319957e-01,1.012190987408800202e+00
-1.063382576279522818e+00,1.110010691968570384e+00,1.270107361510022792e-01,1.159197189640492232e+00
-7.564917509889100833e-01,1.338449774003766857e+00,-8.204157680049031232e-01,6.115579406064749479e-01
-9.098345239833001141e-01,1.118169291966228940e+00,-2.512154118428345795e-01,1.046733266513565130e+00
-7.796657226084118264e-01,1.430454170886788168e+00,-1.006924028082395228e+00,3.105494383490133292e-01
-8.064266501438281942e-01,1.165397390854078896e+00,-4.954426514237669221e-01,9.112924383279067397e-01
-5.574398091041173897e-01,1.157730635518584794e+00,-9.725677835582228203e-01,3.800988013204004146e-01
-7.223633251592236348e-01,1.049604953702601540e+00,-7.660231649190911707e-01,6.754727475102743073e-01
-6.187695096247204374e-01,1.010192932537845145e+00,-8.542739988699011855e-01,5.677259950641398989e-01
-6.169579760555741199e-01,9.626401587086572675e-01,-9.085504893050891928e-01,4.894329404361746905e-01
-5.264896620672121497e-01,8.754308234559468049e-01,-1.009493510178576914e+00,3.049413671147302440e-01
-5.187696243587844869e-01,7.268742907181551249e-01,-1.005973214302714247e+00,3.126086171718669982e-01
-5.182025591000666287e-01,5.741465789146590337e-01,-1.071900200347688292e+00,1.423098549646118482e-01
-3.836740972339531264e-01,4.669504056033541017e-01,-1.082429757428284400e+00,1.073108630580982409e-01
-4.026500872890718674e-01,2.802495580124151342e-01,-1.068059014420134734e+00,1.543187774323462325e-01
-3.972625087693840706e-01,2.504919353834767493e-01,-1.102893797821627775e+00,2.720145831878442721e-02
-3.328891680979847445e-01,1.282998935497091375e-01,-1.128845546241611819e+00,-1.290394956913978597e-01
-3.282664800965701679e-01,2.966397336504242310e-02,-1.136045168512944237e+00,-2.271355246524590088e-01
-3.582991472247248899e-01,-5.225447500560386621e-02,-1.130279798851759665e+00,-1.428696806265607189e-01
-3.664707860220743907e-01,-1.777007128904616318e-01,-1.136759143581941300e+00,-2.512103109709724058e-01
-3.170973585300401187e-01,-3.323453751637210352e-01,-1.133403765503337768e+00,-3.821626264680866858e-01
-3.351770215572074663e-01,-4.237677988355111891e-01,-1.048546172939990750e+00,-7.719343079623125492e-01
-3.900989829070511949e-01,-5.493545938127815109e-01,-1.003560265920659278e+00,-8.793452135552812798e-01
-3.639076119389019759e-01,-6.866098227598909087e-01,-9.588631073828277618e-01,-9.669855191845366793e-01
-3.658367258517098430e-01,-8.564583241623631160e-01,-8.922386775901527400e-01,-1.075682231600810779e+00
-5.371875010600981604e-01,-9.181889186593807928e-01,-9.363097812959927380e-01,-1.006240626552680206e+00
-6.070112150887791991e-01,-1.018696437601766425e+00,-8.444242092423880353e-01,-1.142382883569157181e+00
-4.283108004643497724e-01,-1.236779587071542563e+00,-4.177054877206985428e-01,-1.522380996585052326e+00
-4.535124991047552734e-01,-1.364833356216260452e+00,-1.987965645090593314e-01,-1.630282361767598998e+00
-4.731143309155880772e-01,-1.406756078164257628e+00,8.643997091854090098e-02,-1.713524853717053764e+00
-5.377594234271636520e-01,-1.450276512584749877e+00,3.991359185582432634e-01,-1.741644448399235046e+00
-5.568314783345752472e-01,-1.490637035030283553e+00,5.608463992026675449e-01,-1.731784028840868128e+00
-5.733486141556523030e-01,-1.452188192698632418e+00,6.936761048739803481e-01,-1.711068925972671684e+00
-6.176923702490032531e-01,-1.491195887537384523e+00,9.230680646101288023e-01,-1.646787809360288568e+00
-7.880348609580681840e-01,-1.510356652020841572e+00,1.313183551325313614e+00,-1.437185755260652176e+00
-8.205871297863340796e-01,-1.457933971848855759e+00,1.335213614568576457e+00,-1.420534264884223852e+00
-8.654370255515972943e-01,-1.233469152730677587e+00,1.330077421433015772e+00,-1.424473150008832789e+00
-8.909895034864354635e-01,-1.225356691034190426e+00,1.371279782128963287e+00,-1.391865656819654573e+00
-1.075945158102231902e+00,-1.173929865729490540e+00,1.407914267860778557e+00,-1.360830202797422395e+00
-1.175861234967164659e+00,-1.044384832836801058e+00,1.405890636252481007e+00,-1.362597657327913936e+00
-1.387067149042590319e+00,-9.159171919756570190e-01,1.182516748279109242e+00,-1.524018910690850825e+00
-1.359225896510642517e+00,-6.998840597291143828e-01,1.088367139755127333e+00,-1.575479886358783777e+00
-1.500280530708415938e+00,-8.353511925450506359e-01,1.366361881466640948e+00,-1.395881628258356821e+00
-1.535480219294416582e+00,-8.437740996759049983e-01,1.469706281031871953e+00,-1.303616547731124120e+00
-1.560658569641048210e+00,-8.799030696151365349e-01,1.707171066334040699e+00,-1.000681817748292346e+00
-1.701673231335732561e+00,-9.227702995315961720e-01,1.856893603296608797e+00,-6.439620448434688615e-01
-1.624964368755334565e+00,-8.224096873155800624e-01,1.902799981919511385e+00,-2.089687175044811218e-01
-1.547441714450383810e+00,-5.698362247601056474e-01,1.899970301930146155e+00,-1.664005500093662659e-01
-1.573990046835118894e+00,-6.049673450147252662e-01,1.757594595671388982e+00,3.459377394607727751e-01
-1.512712341993889709e+00,-5.796969216925791368e-01,1.794088604221632188e+00,2.660452229746522734e-01
-1.384266576871224341e+00,-4.833862426254112998e-01,1.707662227192134896e+00,4.382990989918343350e-01
-1.439686989478500045e+00,-3.910869780925715355e-01,1.708396350715692735e+00,4.370504691442508860e-01
-1.405803118090726000e+00,-3.731853070000554773e-01,1.483816444945972979e+00,7.280584904368030408e-01
-1.340047455141468724e+00,-1.048593325789608649e-01,8.576272081621006960e-01,1.107451700719617627e+00
-1.269029114601719632e+00,-1.986338150068701208e-02,8.391296907515155556e-01,1.113152409017598377e+00
-1.245997486550175726e+00,1.192924767136358394e-01,7.279988166154218732e-01,1.142259424823111047e+00
-1.179944280970353088e+00,4.842904405736753876e-02,6.381855885018365981e-01,1.159585505586146148e+00
-1.090252944314034744e+00,2.248045062472726063e-01,1.241174732324240998e-01,1.158718352737341473e+00
-7.971407067157303405e-01,1.574820949390942360e-01,-1.299533598412712654e-01,1.094295174267510440e+00
-7.532293673910914755e-01,1.689020582557036187e-01,-3.380193452763751716e-01,1.005148221570038913e+00
-6.776482084237713810e-01,2.277268892785420107e-01,-7.183215504551215824e-01,7.259689208379219716e-01
-6.874509382785182199e-01,2.230748685214649918e-01,-6.900978724374942086e-01,7.537318893362104921e-01
-6.865027162458039456e-01,3.413345508278151641e-01,-8.236415191277359771e-01,6.075265188430021279e-01
-7.235399243855470397e-01,2.584275384404691178e-01,-8.111316379423929579e-01,6.230012578832324621e-01
-5.624376011999832059e-01,2.007792491063533080e-01,-8.127408882159178338e-01,6.210344706427630701e-01
-7.026686653105668201e-01,1.513565973011953003e-01,-7.921690362301225807e-01,6.456682841837486642e-01
-5.234672044483225095e-01,3.215982228024460987e-01,-7.930034941318890862e-01,6.446900309431886633e-01
-5.043268847429689394e-01,7.977378606519096305e-02,-5.636308527428173232e-01,8.620675608012163815e-01
-4.341830770247416815e-01,6.564028047234064800e-02,-8.542727651142537626e-01,5.677276562165680662e-01
-4.582921939764775798e-01,4.103141140664703229e-02,-8.982285524392267240e-01,5.051895554119490983e-01
-4.723952885296533455e-01,-7.305203286090115877e-02,-7.383417392634651355e-01,7.053502044770176838e-01
-2.315469407109059241e-01,-6.787837852723819197e-03,-1.008750343957507400e+00,3.065699486313900879e-01
-4.342817180712456593e-01,-1.379891924074484466e-01,-7.851621032870906847e-01,6.538151443890686254e-01
-3.686422683062858668e-02,3.576598862883528795e-02,-1.110704205090726759e+00,-9.917768781881379503e-03
-4.005960999573026093e-01,-2.110794264786229335e-01,-7.941547996582614122e-01,6.433374888306349071e-01
-2.736047409088823712e-01,-1.661264658534441219e-01,-1.014287425043934210e+00,2.943038242881196309e-01
-2.841152091464472229e-01,-2.386317568515623488e-01,-1.042613360330474581e+00,2.260671245870570500e-01
-3.794808679018444320e-01,-3.981221405605188668e-01,-8.724027012614652410e-01,5.427714577186080191e-01
-8.346989899645101962e-02,-3.246707332181767575e-02,-1.118672976906153416e+00,-5.422236823965841807e-02
-3.672621286467801505e-01,-3.622669640372427891e-01,-6.754495837219418597e-01,7.675750128587444099e-01
-1.768879341647131009e-02,-2.817940765022906024e-01,-1.090412277048692369e+00,7.832321472179606947e-02
-2.159524459913479966e-01,-3.888129089364222302e-01,-7.035262096578971391e-01,7.407066052233512998e-01
-1.235865613827893256e-01,-4.241466858732014789e-01,-9.322018358942988359e-01,4.515462867665330782e-01
-1.863319901949838930e-01,-6.167264439091572070e-01,-6.032532716515391913e-01,8.306930133765735302e-01
-6.602270734338121227e-02,-4.642314072964638383e-01,-8.327202959849598907e-01,5.960219387078429243e-01
-1.498484568416038054e-01,-6.761092240593253866e-01,-7.708079492387092113e-01,6.701378620490017202e-01
5.466357580171436054e-02,-6.619899541028841927e-01,-8.010623749660927828e-01,6.351525600795647764e-01
2.252689585542506923e-02,-8.763768090803352173e-01,-5.995549820848011802e-01,8.337138385175549837e-01
1.595023069823122974e-01,-8.697343513913425861e-01,-6.864216141965007179e-01,7.572413580756809370e-01
1.763353987718432048e-01,-8.760638502119193483e-01,-7.048127295578378027e-01,7.394414098371074884e-01
2.515113776805169565e-01,-9.823992650817012784e-01,-7.059434147547171134e-01,7.383269319209625481e-01
3.043626909070879516e-01,-1.035209515982208783e+00,-7.337739871141391035e-01,7.101251593865026690e-01
2.566282783295734116e-01,-1.087583816035910367e+00,-5.960152082729234246e-01,8.365869566085074593e-01
4.321731618327374624e-01,-1.088118557056638069e+00,-6.991166059651956477e-01,7.450199804859792829e-01
3.569571221366731328e-01,-1.183196201492004995e+00,-1.581218702718146518e-01,1.084281290163817468e+00
4.233019711681959563e-01,-1.212980153204868072e+00,-2.509408818512186001e-01,1.046854411191218137e+00
5.998674500536989029e-01,-1.281067707663894106e+00,4.138012577902445144e-01,1.179885368072530305e+00
6.870011564473538224e-01,-1.130944939039593811e+00,3.504134884311420062e-01,1.179818235716925123e+00
7.300417250819454251e-01,-1.234029721082844144e+00,6.635625718853882526e-01,1.155236646042960169e+00
7.349777421724049686e-01,-1.224269311630041601e+00,8.394232451618469648e-01,1.113063890121340327e+00
7.198467428909467447e-01,-1.180966427034594091e+00,9.914847286820636096e-01,1.058471683016328768e+00
7.821470411924086319e-01,-1.221168914411112194e+00,1.212692102416119022e+00,9.441073135581400377e-01
8.316121257711240888e-01,-1.152241175449752131e+00,1.297499964577697007e+00,8.871130336602713884e-01
8.761356066213848992e-01,-1.144302974604391121e+00,1.379539668532351993e+00,8.234933444882852616e-01
8.747831951660397509e-01,-9.814491664031064211e-01,1.485014256685208478e+00,7.268518907085657066e-01
8.229274922761864453e-01,-9.191064197937323099e-01,1.293927046370185963e+00,8.896845999591159737e-01
9.166097832515496258e-01,-9.207745953250844329e-01,1.371846540682192694e+00,8.298516902251491523e-01
9.553254322704789470e-01,-8.082348379342545464e-01,1.468818821564609856e+00,7.429363207427823745e-01
1.080128490276327069e+00,-6.065515565219395944e-01,1.672198119322863441e+00,4.954692953398696087e-01
1.210087336118145229e+00,-5.167466440038854802e-01,1.829571985399453204e+00,1.725410982179088615e-01
1.319860758920461619e+00,-3.070867857653693522e-01,1.903418492076011548e+00,-2.222784568237174407e-01
1.375505806607042247e+00,-2.785173415467033231e-01,1.902399692332416459e+00,-2.015400781606273006e-01
1.420923428278040079e+00,-2.347823290183881917e-01,1.893631341424905301e+00,-4.562219764406788558e-01
1.536295669791442275e+00,-7.587256563772420970e-02,1.736919368249588036e+00,-9.477032585968688805e-01
1.518982381149219130e+00,-4.878999354063794786e-02,1.693751046915811242e+00,-1.022985273776833459e+00
1.515856356813981121e+00,6.144012321272703664e-02,1.694762045409570650e+00,-1.021336253072022471e+00
1.504772447018256187e+00,2.082786592865668585e-01,1.631981401819794453e+00,-1.115453884735782220e+00
1.511881262599487075e+00,2.778346543156706150e-01,1.272451592487896521e+00,-1.466363420870480772e+00
1.295103207781636012e+00,3.913300396351873656e-01,1.010537505045521200e+00,-1.611893145765820545e+00
1.310167967398343736e+00,4.364905949503376514e-01,9.935023573182625301e-01,-1.619174120986154763e+00
1.110435155824524012e+00,5.094106840714612838e-01,1.005200086550513294e+00,-1.614200287067092843e+00
1.123240951982178215e+00,6.757239529327864203e-01,6.903194078179639703e-01,-1.711736239457696485e+00
1.031699956346363356e+00,7.300660024164490336e-01,4.774237008142988570e-01,-1.738947076978904160e+00
1.024564405875978634e+00,8.960268750749080802e-01,4.957555536218186676e-01,-1.737753954023461889e+00
9.257870706236230873e-01,8.560294837643607213e-01,3.808208934774491294e-01,-1.741716111266676359e+00
7.750598672803195033e-01,8.429061635655332729e-01,1.903938198731645881e-01,-1.729859489360533908e+00
6.777605629969286616e-01,8.254508285757853336e-01,-3.528317093493980178e-02,-1.685162197919174654e+00
5.534574085908094965e-01,8.160159703751683757e-01,-1.322257052008945777e-01,-1.655058744377457813e+00
3.736907810773741900e-01,8.754321255142478719e-01,-3.199403366377974733e-01,-1.575911063848449922e+00
3.496668423650015622e-01,7.369907964670768807e-01,-4.317894347482422179e-01,-1.513888857675131261e+00
2.366339658047343086e-01,5.584332373719176346e-01,-7.390681676572300463e-01,-1.266135815902823536e+00
1.234656441084116957e-01,4.720394147720029521e-01,-9.298625834827808356e-01,-1.016960556870938337e+00
1.883043096752005652e-01,4.302211654508369953e-01,-1.043978482316816780e+00,-7.840567286639772426e-01
2.338903860834620069e-02,4.034543741491737334e-01,-1.130412495114976323e+00,-1.442207176367905630e-01
-4.181789599087028242e-02,3.809663045601992537e-01,-1.133181377499630438e+00,-1.763608363961271519e-01
-2.167575915307303272e-02,2.786376552613520907e-01,-1.071815282559195337e+00,1.425793681517022737e-01
-4.914975381424061679e-02,2.570120420676355599e-01,-1.066529756635916426e+00,1.589999139148781104e-01
2.890552371314372704e-02,1.804404551485417479e-02,-1.032011896902510939e+00,2.527915264009327756e-01
1.837013034476653274e-03,-8.610516008251861350e-03,-9.592405574849247607e-01,4.047546749346740969e-01
-1.132528849847620617e-01,-1.127362388782790215e-01,-7.194593143802578972e-01,7.248183298219558202e-01
3.218777186428632003e-03,-2.686341251470685323e-02,-7.254361975582034328e-01,7.187326806143254920e-01
1.833654778919153886e-03,2.552604759405670276e-02,-5.374779197615959792e-01,8.816302791825009200e-01
-5.304147130825154904e-02,-7.229192378973086155e-03,-5.851626998965143711e-01,8.452858989980840398e-01
-7.624274983173058573e-02,-1.913514989197103930e-02,-6.419285882272655064e-01,7.978952363057679742e-01
-1.048407135411522605e-02,-9.722001674963781648e-02,-5.714764276994312997e-01,8.560250849720932864e-01
-4.581015206847565552e-02,-1.211670199183687568e-01,-6.807186908187812246e-01,7.626385338631584965e-01
-2.606071624063785105e-02,-1.063795636203840878e-01,-7.957563842562545009e-01,6.414504585602028852e-01
3.725150417302735412e-02,-9.895753759540544536e-02,-6.922274317330341376e-01,7.516879651722740974e-01
-2.160957135338498480e-01,-3.344350568750661390e-01,-3.962184239298206512e-01,9.733961386790523918e-01
4.507742066166025435e-02,-1.466255603986668099e-01,-1.036477925921045484e+00,2.417243166199367077e-01
-1.596634142190775929e-01,-2.921681705594878498e-01,-5.031695054676517120e-01,9.059986752604468618e-01
4.148826657639669707e-02,-1.071587412295452041e-01,-9.115421500703789759e-01,4.847815003707205972e-01
-3.051741100166505474e-03,-2.827342986020154325e-01,-7.458292081471994406e-01,6.974301011746496526e-01
7.074967194464969189e-02,-2.431965123354407898e-01,-7.251060399357465158e-01,7.190706732100529130e-01
1.151151001343163338e-01,-1.297497801095598979e-01,-9.642651480202517611e-01,3.955930143349644101e-01
-9.897232014901469199e-02,-5.935991451668013452e-01,-3.874291674262496099e-01,9.784018278564294846e-01
2.494754154926211998e-01,-2.073600008124242278e-01,-9.843034999331311541e-01,3.573866556822425933e-01
8.890985028012292346e-02,-4.724167808451345540e-01,-6.270146292106689723e-01,8.108092531645589851e-01
1.957257699615170543e-01,-3.965687778191770430e-01,-7.664379896406100512e-01,6.750122848401637343e-01
1.958700184258185539e-01,-4.240018532161349829e-01,-8.236138051576811225e-01,6.075612786640776086e-01
5.521919972023506956e-02,-6.233650535700806516e-01,-3.904440622943798900e-01,9.766934069939973151e-01
1.594294555754774412e-01,-4.516850890032958477e-01,-8.197991127595954941e-01,6.123253170349873820e-01
6.233607700412555769e-02,-5.942975431108489248e-01,-4.198862997806965258e-01,9.595305769828986753e-01
2.622280332984700535e-01,-4.741712194700008487e-01,-7.970803197602073231e-01,6.398857008335968599e-01
1.696981509286994150e-01,-8.103566430695282596e-01,-1.462453245532917279e-01,1.088577518482434003e+00
2.767418610703649140e-01,-5.452998630368188770e-01,-6.950833004479409771e-01,7.489341903005440892e-01
2.778309378535934737e-01,-7.246427669166354280e-01,-5.616000437171180248e-01,8.636183573936377922e-01
5.055711662852658828e-01,-7.543757649092752704e-01,-7.457954517477225487e-01,6.974660706229515172e-01
4.019603887917801988e-01,-8.012083124740133622e-01,-6.300677336849549448e-01,8.081933757568943166e-01
4.552438624708994297e-01,-8.630402792287067415e-01,-5.785661045058311247e-01,8.504938406752721169e-01
5.035179850193951534e-01,-8.775760026540085912e-01,-7.856429603289168950e-01,6.532598798640362192e-01
4.625136953417997576e-01,-9.554047226153048467e-01,-7.472065101489907546e-01,6.959604564705499374e-01
5.766006889588696227e-01,-9.645478699260887634e-01,-9.508257560354279603e-01,4.197551689912957795e-01
5.629313154217310267e-01,-1.062641266294060305e+00,-9.196829497468598236e-01,4.719231119955356046e-01
5.936891251962950200e-01,-1.107276553850329526e+00,-1.136424459183562385e+00,-2.381935770147663722e-01
5.660834695280277939e-01,-1.256127248093547477e+00,-1.116249381966481824e+00,-5.216907586602463898e-01
6.662815697193865683e-01,-1.292425028653866548e+00,-9.645712721362866837e-01,-9.565786357952041907e-01
5.081379148255308342e-01,-1.311732036260912615e+00,-1.055954840066251066e+00,-7.515219203191502162e-01
6.232469456769543781e-01,-1.397139247649951788e+00,-8.669571201574169939e-01,-1.111933413839412355e+00
6.614652205390237905e-01,-1.464008896487465128e+00,-6.942829155233787297e-01,-1.311256366683695163e+00
6.249291165209812648e-01,-1.556856701592774783e+00,-5.973139029222828134e-01,-1.397083836037132265e+00
5.873857856757542795e-01,-1.630429907981117976e+00,-6.108102826102217442e-01,-1.386008066960028984e+00
5.563223021233580923e-01,-1.667475878726897731e+00,-6.621934168431515833e-01,-1.341334836956444621e+00
4.288149274432836444e-01,-1.832859682155274283e+00,-3.520912960603541642e-01,-1.559316211310252553e+00
4.116075644664108912e-01,-1.874072986655518802e+00,-2.637417851100090638e-01,-1.602686775414957188e+00
3.618079497214194973e-01,-1.977180742428913618e+00,-4.627413492442903481e-02,-1.682092770971937323e+00
3.107763575965359903e-01,-2.093132934437191839e+00,2.736604728024258915e-01,-1.737883956265675156e+00
2.682780410604756471e-01,-2.069233178103352166e+00,3.806287536162057950e-01,-1.741715740033502158e+00
2.463817891940208449e-01,-2.059702672904639709e+00,8.001683900821974227e-01,-1.685898216870869160e+00
6.744932173582654511e-02,-2.097485231240391546e+00,1.068837833183268637e+00,-1.585115214055911936e+00
7.089501134202024282e-03,-2.087216320924234925e+00,1.088489147195379259e+00,-1.575418610730709323e+00
-4.616763433299261171e-02,-2.076413027745324325e+00,1.060294412109932027e+00,-1.589223472805467052e+00
-1.806777006037133537e-01,-1.935695838122624801e+00,1.198079214426320371e+00,-1.514667816547274670e+00
-2.330854152756103859e-01,-1.839013219321632420e+00,1.201342386310463084e+00,-1.512675048998570304e+00
-4.230277878872840125e-01,-1.717659105992546342e+00,1.354777478402535040e+00,-1.405206364454225421e+00
-3.744038167894159774e-01,-1.406908933559942065e+00,1.436784712134083764e+00,-1.334901669185213358e+00
-3.606994768356188152e-01,-1.490208674481957818e+00,1.394535662605523418e+00,-1.372397892819468002e+00
-4.984255652972284789e-01,-1.497031679936974280e+00,1.535123695165370838e+00,-1.235318062372845693e+00
-6.013903718667230613e-01,-1.173787064798907043e+00,1.853115715647716488e+00,-6.578194175897910112e-01
-6.139182958262680012e-01,-1.140900910996103468e+00,1.902426549829992153e+00,-3.595324124880132644e-01
-6.307087863065151678e-01,-1.044352418910642788e+00,1.904426511660668453e+00,-2.564061294452727457e-01
-6.602105416003120064e-01,-7.684824194882712289e-01,1.903280180600037230e+00,-2.190519800378638582e-01
-7.419223259449707619e-01,-7.433996583874473707e-01,1.800921571694185097e+00,2.494934591784869204e-01
-5.516144384820090840e-01,-5.743534107355950935e-01,1.783097164669610768e+00,2.915090631087615680e-01
-5.587419939379647538e-01,-4.512233221893598989e-01,1.697590313038488397e+00,4.551477588961538312e-01
-5.097756831126205590e-01,-3.517657731335661064e-01,1.631349606042946432e+00,5.547761154641307479e-01
-4.767293991323579561e-01,-1.444413993306055966e-01,1.322491293747304564e+00,8.686785066991631332e-01
-4.082001858850750065e-01,-9.569529094160329763e-02,1.231845028927856411e+00,9.319485562348999164e-01
-3.549281435108063154e-01,5.792547216489120354e-02,7.725206978515106737e-01,1.131639547018342018e+00
-4.246312339163841876e-01,6.639845289492984914e-02,7.598320783782490651e-01,1.134805959458780489e+00
-3.668520791429982775e-01,-2.465196825771105368e-02,6.829250766586947297e-01,1.151630609044530740e+00
-1.891874097704442648e-01,4.476659986702448413e-02,4.409585391338198268e-01,1.179137218126611097e+00
-1.393882829574444038e-01,1.999824384292396007e-01,2.909722787856446891e-01,1.177447026513728012e+00
-5.875184353450878250e-02,2.098072217914924431e-01,-2.244250015898857295e-02,1.127090505346685312e+00
-1.279464940861686495e-01,2.275765627564643179e-01,-1.724186701547461287e-01,1.078964588864785190e+00
-1.929420625838251246e-01,1.817002436728119841e-01,-2.660303714467808778e-01,1.040101155383046816e+00
-1.485071676291565279e-01,2.147494421840382695e-01,-3.461046799459276402e-01,1.000929969366459948e+00
-2.115009411968929096e-02,2.957839635994135019e-01,-5.541451363567571065e-01,8.692648870112136272e-01
-5.272697046523216330e-02,2.634341551397617609e-01,-4.328990199318927257e-01,9.516620924100991363e-01
2.755581214101697138e-02,4.953588376683824568e-01,-6.294790552744466972e-01,8.086988542270047153e-01
4.393522523025557985e-02,4.046898110568357132e-01,-7.933971852094064969e-01,6.442278979224345115e-01
1.323037928683976905e-01,4.083674397205981910e-01,-9.194615262722817262e-01,4.722768293067506340e-01
-5.849842466915531475e-02,2.168419977403891474e-01,-7.269075042107314699e-01,7.172238413374923960e-01
1.551524416060671707e-01,4.025734351789854726e-01,-8.692871677481697201e-01,5.471396497190943453e-01
-1.271520368938244307e-02,4.042371374795878936e-01,-7.421965923510903673e-01,7.012871697825642237e-01
1.259244398698259881e-01,2.313657469274643108e-01,-6.782560318451037462e-01,7.649516800049449561e-01
3.664025176880719714e-01,2.262944561087872897e-01,-1.021458925450979827e+00,2.779417043016139677e-01
1.053082707730790130e-01,1.068680781116553014e-01,-7.006892860615652197e-01,7.434857138269711507e-01
4.532003287334919195e-01,2.725285656320986516e-01,-1.037926344287909197e+00,2.380766995688995968e-01
2.617067767532444411e-01,8.979872367541054390e-02,-8.767543548571307133e-01,5.366127261276867344e-01
3.018067169585126330e-01,3.043524373407739680e-02,-7.425375337372296380e-01,7.009263341000414593e-01
6.496987749189255812e-01,1.629636337504321020e-01,-1.127869303162240211e+00,-1.203129092373674824e-01
1.688692339814255039e-01,1.412984506938718687e-01,-7.490652495492959861e-01,6.939707357943292187e-01
3.453003813333507810e-01,5.886972349212554051e-02,-8.546244677724503802e-01,5.672539181555421584e-01
3.783179721935868711e-01,-2.319573469984546332e-01,-9.319955061817392084e-01,4.518883199657122152e-01
5.077048278829103811e-01,-1.603015005263372095e-01,-9.957103960761182204e-01,3.343099375512207372e-01
5.622922984585623229e-01,-1.249733286127578946e-01,-1.016782358420660337e+00,2.886743005045732113e-01
3.875750885899783005e-01,-1.547755935292699503e-01,-7.565286102353352415e-01,6.859070080526613600e-01
5.553925643449888483e-01,-2.148430820040434786e-01,-8.621143034457695586e-01,5.570692954953977427e-01
3.676885257017893371e-01,-3.579273277374061535e-01,-6.155357500696585493e-01,8.205187985001782813e-01
6.548349206354949770e-01,-1.730456289384411095e-01,-1.001396751061664148e+00,3.224021852878854455e-01
5.200413059866101362e-01,-4.330525155568148987e-01,-4.741571237160994157e-01,9.255191245435685499e-01
6.801170625437892303e-01,-4.377076851221749498e-01,-6.910253508430916902e-01,7.528427017428517276e-01
5.878963358696548402e-01,-5.895070801494081136e-01,-5.232325805876469893e-01,8.919223179343485075e-01
6.763688146640443044e-01,-5.543084039786951855e-01,-6.120082036720666530e-01,8.234633480580157983e-01
7.547730383623251216e-01,-4.679467528442499136e-01,-8.599978427681242987e-01,5.599659899678172126e-01
6.604793093258396475e-01,-6.343787564082311592e-01,-3.751861039778569551e-01,9.852477198475356746e-01
8.590554236948600986e-01,-4.861110720464420498e-01,-9.987390420372758149e-01,3.280027654890731448e-01
7.498564619349997740e-01,-6.854390892603876573e-01,-5.029004832276805503e-01,9.061841622938865415e-01
9.104220271474979809e-01,-4.866465042358556481e-01,-8.320478911708878433e-01,5.968821492006363139e-01
8.492843131069989226e-01,-7.795952077404629810e-01,-2.395503470632185106e-01,1.051825119163635192e+00
9.001467559653585360e-01,-8.652651136572475643e-01,-6.166496683743335344e-02,1.116100234775685429e+00
9.361661864878646488e-01,-9.141513619724226380e-01,2.334362651862625926e-01,1.173013703241635231e+00
9.856928544905059209e-01,-9.676766257024425055e-01,3.810186180186416749e-01,1.180167543505929784e+00
1.131739166447421008e+00,-8.564130981866278081e-01,6.181822104631023995e-01,1.162714137645185719e+00
1.176686298631623773e+00,-8.287150836948465882e-01,7.946403540437426694e-01,1.125850077351659984e+00
1.240184137950012255e+00,-8.617898489204327550e-01,1.058996945799867140e+00,1.028292829673013387e+00
1.359779394483938697e+00,-8.125802153308143705e-01,1.170386251219075469e+00,9.695864483954613755e-01
1.440632558643327066e+00,-8.581345279322606379e-01,1.393577235069221265e+00,8.116671579551525406e-01
1.431009800334764215e+00,-8.071376293632678278e-01,1.515267908081544546e+00,6.954324829787540407e-01
1.429535141563800238e+00,-7.488837532738426006e-01,1.667610627940998347e+00,5.024516534158931513e-01
1.504125767197293850e+00,-7.319241358565331534e-01,1.783840292279570416e+00,2.898294378890026723e-01
1.489111579685658659e+00,-7.298640664211810680e-01,1.848899213651913120e+00,1.111188798684707435e-01
1.580804024964046262e+00,-6.318077853908723451e-01,1.902324819368543585e+00,-2.002268008606216676e-01
1.594541563641433957e+00,-6.529589115963834178e-01,1.904589167041657705e+00,-2.924926295281215505e-01
1.631567350591956567e+00,-5.438636485007746213e-01,1.890517052714815849e+00,-4.793966418018241193e-01
1.696925931125151665e+00,-5.112182200276348398e-01,1.881062632890842856e+00,-5.370135281809468308e-01
1.705918868274554301e+00,-5.408338747000542845e-01,1.858266710156561752e+00,-6.387834693805554132e-01
1.778643573383326348e+00,-3.351046793273748103e-01,1.754448443129249524e+00,-9.138114706583593261e-01
1.705395992800257998e+00,-3.234407251815716866e-01,1.690070608960454246e+00,-1.028947021343985968e+00
1.665377967981503282e+00,-2.153668258520990697e-01,1.569246289197329780e+00,-1.195965203594156590e+00
1.590949529491626491e+00,-1.105753803101684613e-01,1.272233540826997800e+00,-1.466514212058282585e+00
1.610428056903440375e+00,-9.267943361579712713e-02,1.255559283789152714e+00,-1.477880299761588079e+00
1.650062794617799922e+00,-6.768501729817325008e-02,1.209705471174184810e+00,-1.507516497608620387e+00
1.619158220530615644e+00,-1.344179562761736724e-01,1.179816582513220524e+00,-1.525615944532299428e+00
1.542006350945847482e+00,4.952489455488993768e-03,8.557412309007127460e-01,-1.669593340468965792e+00
1.418065219223775708e+00,1.793351790662662537e-01,6.645930779165990510e-01,-1.716599950586443102e+00
1.357726215412463633e+00,1.730849742344176823e-01,6.168511711225814764e-01,-1.724461928690895762e+00
1.151723627338200995e+00,3.425073603182844373e-01,2.686677828497641141e-01,-1.737527831870232076e+00
1.198016154101983366e+00,3.006374830055774661e-01,-5.051281221275827349e-02,-1.680885972831010822e+00
1.069948483072203249e+00,3.912955010138788881e-01,1.390493187115541401e-02,-1.697854030706573036e+00
1.007887903566569765e+00,3.339071871887963616e-01,-1.971841082038104931e-01,-1.630923653843699306e+00
8.518000305120002613e-01,2.992111976290424691e-01,-5.509500067120810529e-01,-1.433211789070264919e+00
8.113907815118315270e-01,2.603582523479888722e-01,-5.349076958967274864e-01,-1.445054770234517116e+00
7.843113619819034321e-01,1.798631407959938866e-01,-5.783211711518199127e-01,-1.412234993509488667e+00
6.864035699761291687e-01,1.395567144513396030e-01,-6.379247477116231080e-01,-1.362944849800138858e+00
7.171772977926540449e-01,2.341104851608283299e-01,-7.413550552883497735e-01,-1.263725702816480778e+00
7.275675813130878522e-01,2.395643835860879478e-01,-9.018409001930937086e-01,-1.061274680305276163e+00
7.390093131033048657e-01,2.003402875127144322e-01,-9.830982560003673765e-01,-9.213143407016599618e-01
6.897136320734486015e-01,1.708204202190869159e-01,-1.093200322743187014e+00,-6.291400613986518620e-01
7.237894164825801058e-01,1.130632110692221109e-01,-1.086520183473099754e+00,-6.543066603709127849e-01
7.168198351706570604e-01,6.288612536795966379e-02,-1.136377113686314111e+00,-3.248875234056223804e-01
7.351692991663827392e-01,-2.472216028479403901e-03,-1.136496522310130652e+00,-3.209110666555057834e-01
7.039698167140558960e-01,2.279797697054370895e-03,-1.133381863458699179e+00,-1.790843181268965412e-01
7.745284405389559756e-01,-7.926687322077947961e-02,-1.132323334903615253e+00,-1.654327453389819180e-01
6.576824984028377674e-01,-2.821501784527835968e-02,-1.128479322028053788e+00,-1.257076015933944468e-01
6.140082583538764016e-01,-1.052655719854072580e-01,-1.057497244579314932e+00,1.855973529115189924e-01
6.476059569193219900e-01,-1.621500983855917732e-01,-9.815341302548754587e-01,3.628362773987506285e-01
5.480010737017024791e-01,-3.004694799106119585e-01,-8.199312557744325991e-01,6.121609645865966343e-01
4.730987721087004383e-01,-4.098827934497198400e-01,-6.559746633033786134e-01,7.854137108291281422e-01
6.069034097857823884e-01,-1.116939159129227560e-01,-9.681759355624064423e-01,3.883513233031169465e-01
5.035351954268298957e-01,-2.317034514943726586e-01,-7.234249507459430406e-01,7.207883298369559544e-01
4.603605693173176694e-01,-4.005763022476727664e-01,-5.390777421683311532e-01,8.804586628840418427e-01
5.940059729191363713e-01,-3.908309280081888049e-01,-7.100385739921183381e-01,7.342705037817908176e-01
5.809656586307898607e-01,-5.177925501393229046e-01,-4.952270670946347098e-01,9.114391381080330090e-01
7.853576469983271080e-01,-2.094765588505486942e-01,-9.624579665631073366e-01,3.989063329579102812e-01
6.468869770201538527e-01,-5.080557812663922812e-01,-4.479871141616598718e-01,9.423153845522860284e-01
8.554729743994244906e-01,-2.014374130521744966e-01,-1.001735423162137595e+00,3.216839857121323032e-01
6.331702539823587106e-01,-4.021530971679935784e-01,-5.536426525938218379e-01,8.696428799446164204e-01
7.813544627748322258e-01,-3.373698754758878149e-01,-8.143408735311894464e-01,6.190721123416099703e-01
6.243054186634540148e-01,-6.068462737851681998e-01,-4.517451166148926944e-01,9.399494933001997232e-01
7.614473713918044062e-01,-3.046751734774540421e-01,-9.498607640213342362e-01,4.214489677786780186e-01
7.643529037745380172e-01,-5.873479587965652060e-01,-4.864828446830469222e-01,9.173440549929510190e-01
7.772683781486044996e-01,-5.987660548875554101e-01,-5.527477990467605240e-01,8.703152241284046742e-01
7.552737173331695031e-01,-4.978071484565504412e-01,-6.355710192368261291e-01,8.034422225724582312e-01
6.826974819841679087e-01,-6.543317594387418890e-01,-3.259440521182915274e-01,1.011335535385686324e+00
9.275590133540286830e-01,-3.819728136804567131e-01,-8.270239472365827904e-01,6.032678780449118872e-01
7.984178144159831403e-01,-8.141592046230852198e-01,-2.181188844778026437e-01,1.060885790363301995e+00
1.075966537243055798e+00,-4.830695692844133027e-01,-8.759172633549616727e-01,5.378026878733523919e-01
7.792256582052533576e-01,-7.245696663440248653e-01,-3.351818149508626887e-01,1.006614223624384907e+00
1.032491320272765911e+00,-7.349920798215043849e-01,-6.647893459279035078e-01,7.774178362644537099e-01
9.836434074979854003e-01,-9.732603603691346583e-01,-5.239292361161943523e-01,8.914248117318543940e-01
1.158317942437973702e+00,-6.393456138616134821e-01,-1.044264932243579302e+00,2.217572998883616808e-01
1.028412660251796229e+00,-9.689725492299491316e-01,-8.761556985001845987e-01,5.374639987599429958e-01
1.156369483398541176e+00,-8.669313111692457108e-01,-1.126516627462767373e+00,-1.089608228541887880e-01
1.008335640243750442e+00,-9.091299659721316928e-01,-1.100839366531365826e+00,3.621456909402190338e-02
1.050628803468423689e+00,-1.028846857398826975e+00,-1.101681181717090841e+00,3.255425211651629541e-02
1.177758780267903482e+00,-1.205728625881343552e+00,-1.109834648810838820e+00,-5.560216230417059924e-01
1.026835079783118276e+00,-1.231439022253801197e+00,-1.136845959009524343e+00,-2.556665072966213814e-01
1.229210763228840264e+00,-1.178518924269528645e+00,-1.066103937922124656e+00,-7.218425786361388763e-01
1.342693207529233268e+00,-1.225697654443567597e+00,-8.898937140090219522e-01,-1.079145017747642488e+00
1.112439824051369985e+00,-1.188258302162609858e+00,-9.182357884007005255e-01,-1.035779752201794190e+00
1.214907361634449678e+00,-1.370764974328478436e+00,-5.906397584209284179e-01,-1.402465172899417301e+00
1.209265066103574426e+00,-1.257463428246013315e+00,-4.377143092877514019e-01,-1.510254346361946443e+00
1.176516238771017964e+00,-1.289804693097341026e+00,-3.111636267395427868e-01,-1.580276852131807130e+00
1.143270046915537019e+00,-1.365508157612994156e+00,-4.182413826043506200e-01,-1.522061632192684977e+00
9.690699902321143755e-01,-1.314023598336241161e+00,-1.001016897362919933e-01,-1.665800512795785115e+00
9.265027282606809189e-01,-1.412023684645483668e+00,-7.758958734708819305e-02,-1.672871236084878310e+00
8.168823269575385959e-01,-1.449389023995261150e+00,1.201014707350311489e-01,-1.719593465272741373e+00
7.989726735071935870e-01,-1.457298278221599519e+00,3.365340855335360870e-02,-1.702476051194562912e+00
5.401623251074665344e-01,-1.364541837227535970e+00,1.730835180324349354e-01,-1.727630616250087847e+00
4.354398481327683146e-01,-1.447206582151741472e+00,4.267254808808526589e-01,-1.741136413052631449e+00
3.327040148297812916e-01,-1.478561701397559824e+00,5.801034090708208080e-01,-1.729495918265913978e+00
2.951634455249501632e-01,-1.458827815141513495e+00,8.395723993517220096e-01,-1.674567815340323174e+00
1.661303342140699191e-01,-1.393595209127403978e+00,8.992406664503905800e-01,-1.655250074578559882e+00
1.287495293058016910e-01,-1.272918869939368092e+00,8.544210606743934955e-01,-1.670006679943971006e+00
8.161845171435379298e-02,-1.295353817941848451e+00,9.416134814738870151e-01,-1.639898238691550381e+00
-9.563419004017682801e-02,-1.259734403427501315e+00,9.883500664952694637e-01,-1.621329123634495328e+00
-3.350337107155248462e-01,-1.183048718300270918e+00,1.222498039006096882e+00,-1.499481039924934533e+00
-3.621489461609954663e-01,-1.096506438325557831e+00,1.442341256347674960e+00,-1.329753666257400102e+00
-4.222793736974429502e-01,-1.000824113397142945e+00,1.559425225088275191e+00,-1.207581739891524064e+00
-4.366777593773076838e-01,-9.257282354902059973e-01,1.612096687375562221e+00,-1.142244796902318615e+00
-5.258225763164587896e-01,-9.127667108865924472e-01,1.808322719386524335e+00,-7.924156789891274588e-01
-5.499080304532399932e-01,-8.447543871952546413e-01,1.902706182291970638e+00,-2.071605068873229039e-01
-5.534506448770375453e-01,-6.707972785154825424e-01,1.881218209829644161e+00,-2.537568875832410184e-02
-6.091370354402857457e-01,-5.388719372695058851e-01,1.819901786188794057e+00,2.000698310225974275e-01
-5.734092591273717288e-01,-5.390907677163832012e-01,1.672950945932072608e+00,4.943150598712424681e-01
-5.455010922341675395e-01,-5.169995720175885046e-01,1.441710942272227847e+00,7.687913461361766121e-01
-4.553126619290315813e-01,-3.998503219649808260e-01,1.232396354860563648e+00,9.315926209340424924e-01
-3.919193850743447616e-01,-2.161111361695455257e-01,1.075807783444417076e+00,1.020166705409204289e+00
-3.972277528541823255e-01,-1.186678840262889306e-01,9.758886966705426769e-01,1.064902784545649794e+00
-2.845461182045017634e-01,-1.614361053176991898e-02,7.817431936050051045e-01,1.129267514789191740e+00
-2.236703774542128376e-01,5.485576368380256501e-02,4.993134634234164260e-01,1.175948682830418646e+00
-1.955282073640842999e-01,7.017536980743360742e-02,1.634686236174301976e-01,1.164759565714827527e+00
-2.471698916627596554e-01,5.680721275130196785e-02,2.200276780534072066e-02,1.138232855627554274e+00
-8.711731386887812401e-02,9.232716994381238995e-02,-2.653256932947045121e-01,1.040420840254806967e+00
1.230156688796421455e-01,1.681561426550010896e-01,-5.362694737095898834e-01,8.825131460545131423e-01
1.968948031243186181e-01,2.389524199291026552e-01,-7.505707458855430669e-01,6.923537670547376122e-01
1.120088854418809649e-01,2.378052885099743441e-01,-8.217585078782221331e-01,6.098833618361202413e-01
2.363969604866762164e-01,3.152657498128729752e-01,-9.408754282411425640e-01,4.369711288991139919e-01
2.087707095818167047e-01,2.333706714322600073e-01,-9.623489569818087785e-01,3.991055349361995463e-01
2.549687863011952937e-01,2.135504040992983188e-01,-9.821651342266138895e-01,3.615996111046464456e-01
2.896259995222467132e-01,9.982333910911418695e-02,-1.015244248364242319e+00,2.921525892640214339e-01
1.989146376251495207e-01,-1.237246968803970421e-01,-7.192339901319010353e-01,7.250463931931221406e-01
4.292801139846775804e-01,-9.740721379631023247e-02,-1.115592566029151911e+00,-3.611435493325555746e-02
1.903860327012905640e-01,-1.729485216100173361e-01,-6.971175107334477428e-01,7.469637352269479225e-01
3.894181110467719864e-01,-1.642815233259796726e-01,-1.085170692211635091e+00,9.762540781709092008e-02
1.504112513470378110e-01,-3.278032819351403560e-01,-7.824026897770220979e-01,6.569907917117648877e-01
3.590918368570984454e-01,-1.964199958192081596e-01,-1.048500000763535667e+00,2.105096137539265722e-01
2.470268708791524548e-01,-2.925378466090158835e-01,-9.305086264472005597e-01,4.543468379911656529e-01
2.709101876610809922e-01,-2.949937200991181729e-01,-8.416250862197012239e-01,5.845038816393205439e-01
6.139070581866320486e-01,-1.937884064156508157e-01,-1.100208833103248685e+00,3.892741793524310406e-02
9.901396646421976866e-02,-3.337227215497505228e-01,-6.613177570887565082e-01,7.805821983146864484e-01
4.118742565377336851e-01,-2.948920926248954633e-01,-1.114058479199215634e+00,-2.759182913875831214e-02
2.574535814009086265e-01,-4.562559593139562941e-01,-6.544542171660383545e-01,7.867800733096959043e-01
4.363681488760888794e-01,-3.402218281828128243e-01,-9.918646447426208157e-01,3.422071463867565888e-01
3.192285342479852517e-01,-4.931400716129328843e-01,-8.851105594835791956e-01,5.245936451222699137e-01
4.530970249967780084e-01,-4.734452730814450172e-01,-9.417668304431315862e-01,4.354509113393323916e-01
4.202163370206038473e-01,-5.172520040437922351e-01,-8.819496677000159268e-01,5.291704170979852906e-01
4.476054580352845647e-01,-5.483335452654208853e-01,-8.721866863734937247e-01,5.430754234590979834e-01
5.765679734305864113e-01,-5.308463454146353788e-01,-9.867573229401713775e-01,3.525094520215915628e-01
4.733947116259016874e-01,-6.466961406213865837e-01,-6.780242441688780763e-01,7.651688565018561761e-01
6.758009863710006115e-01,-4.639546778134231997e-01,-9.408515710853226910e-01,4.370117571602585294e-01
5.048487933413342565e-01,-8.004026305121330065e-01,-4.237697212724330642e-01,9.572008123483638498e-01
7.572849458675962042e-01,-5.226247733597044753e-01,-1.016612103482495533e+00,2.890605493257057401e-01
7.093484865209674917e-01,-7.418003495110986334e-01,-6.833891671944057888e-01,7.601183018255568413e-01
8.856392075648259476e-01,-8.839241681314520260e-01,-9.916986129094733649e-01,3.425453448718034921e-01
8.878520607414954746e-01,-8.880381615613138768e-01,-7.782997330076870668e-01,6.616790769990815724e-01
1.021157653229119555e+00,-9.674945149628508823e-01,-8.949465837484941177e-01,5.101077213891996864e-01
1.261450489070307324e+00,-1.077538746634340461e+00,-1.042576931058563527e+00,2.261617188460243177e-01
9.769660285129727617e-01,-1.245966338840078125e+00,-6.968870389229461226e-01,7.471873600145668703e-01
1.161212637233795864e+00,-1.153440833634828966e+00,-9.992988319373177220e-01,3.268283057039589323e-01
1.060095807371608911e+00,-1.135584770266075516e+00,-5.783411474766014804e-01,8.506703934044772542e-01
1.174712017197146352e+00,-9.900692289295185411e-01,-6.341456956631597031e-01,8.046772138325956059e-01
1.045488184662815678e+00,-1.261622642449871545e+00,2.730070747294831290e-02,1.139469598552836471e+00
1.121407310434727522e+00,-1.131835268905236447e+00,4.045209154253250755e-02,1.142456337647641318e+00
1.159805283506867735e+00,-1.115392379316148208e+00,8.803214027816494425e-02,1.152279988323204885e+00
1.134457565042846117e+00,-1.098510478269613344e+00,2.320812228435944757e-01,1.172883802338629877e+00
1.250099032940930943e+00,-9.194618644477590141e-01,1.923380056620098422e-01,1.168548766080977463e+00
1.269158534109908754e+00,-7.422165903381575669e-01,1.691401196603327939e-01,1.165546722655204315e+00
1.295201559381948142e+00,-8.260322098133381363e-01,2.059342519131538984e-01,1.170146301013157641e+00
1.389122150422568147e+00,-9.422044579904411687e-01,7.117083148196603481e-01,1.145805109844645120e+00
1.451358639005021267e+00,-9.603604948971643518e-01,7.195657382196791740e-01,1.144117471572270395e+00
1.485858614837134439e+00,-9.735634497489487060e-01,7.759804932341312078e-01,1.130756669495363020e+00
1.653440135747533457e+00,-1.135561284413098448e+00,1.121883883437751583e+00,9.965832003880352730e-01
1.683065580583618992e+00,-1.101541721677650409e+00,1.217720875367744870e+00,9.409534610900881502e-01
1.700114404573561444e+00,-1.089725087935071945e+00,1.328151824621251365e+00,8.643919713629952817e-01
1.827047027346657249e+00,-1.071488432252700740e+00,1.412548615930256712e+00,7.952094357818757508e-01
1.957639759707181515e+00,-1.058288163651985858e+00,1.719214025732212381e+00,4.183103421517144760e-01
2.018827848945848213e+00,-1.013252000941517572e+00,1.628573334375798431e+00,5.585882809855137188e-01
2.016881261512166290e+00,-1.009740034720070012e+00,1.798653143725054138e+00,2.550539744254824437e-01
1.996446804465571878e+00,-9.749893214712468392e-01,1.778833688162562598e+00,3.010347910663611626e-01
1.934458895703750070e+00,-8.363206061762634702e-01,1.885447085200278261e+00,-4.941921212399626173e-02
1.872674708891584050e+00,-8.479380981215105528e-01,1.880438030283782203e+00,-5.403588427562731056e-01
1.880011819911789450e+00,-6.287794510803921266e-01,1.822036696107062870e+00,-7.556940902274066341e-01
1.886745987110403977e+00,-4.740094315283006066e-01,1.679292567725339191e+00,-1.046044778427767996e+00
1.888892892316433203e+00,-5.393332628301676923e-01,1.387149797136062679e+00,-1.378667354528569700e+00
1.889529724383671061e+00,-5.206870761668602743e-01,1.426017949897894654e+00,-1.344729715155538186e+00
1.740294125767281042e+00,-2.132999955471942821e-01,1.082818397475652450e+00,-1.578252375952890141e+00
1.692633658342469483e+00,-2.176106433821690112e-01,1.156864467979164202e+00,-1.538893411722944249e+00
1.607357097833008064e+00,2.907601295186654569e-02,1.092048300638540859e+00,-1.573625148270573426e+00
1.607357097833008064e+00,2.907601295186654569e-02,1.092048300639097524e+00,-1.573625148270291652e+00
1.471880105782098713e+00,2.049825987098261304e-01,6.497722716893394868e-01,-1.719201702087080674e+00
1.467400453627076606e+00,2.922122568598231052e-01,4.476050909667906863e-01,-1.740431963664325288e+00
1.495635195733236777e+00,3.108308929913015106e-01,2.654773108721875663e-01,-1.737291942274097556e+00
1.343447940107871608e+00,2.523074111511211526e-01,5.507307487889088332e-02,-1.707187077554753296e+00
1.154381190290298953e+00,2.817910821583381464e-01,-1.719975425413433900e-01,-1.640672403131487656e+00
1.135035401655177578e+00,3.211222252887831474e-01,-2.646310365751710081e-01,-1.602284489163990022e+00
1.025215538554718142e+00,2.111051223443902447e-01,-5.440291411621954731e-01,-1.438361030455546530e+00
1.066124763302078726e+00,1.560314289772891938e-01,-8.965622980110610207e-01,-1.069240841308700896e+00
1.016362897227098161e+00,3.348132584896337111e-02,-9.818797707736425240e-01,-9.237081684191965625e-01
8.653299940140587454e-01,-9.410957401127334476e-02,-1.088045252467476853e+00,-6.487226752409301911e-01
8.241327517065921704e-01,-3.111045565932072376e-01,-1.120240955700768648e+00,-4.975135580283595593e-01
7.289118273404183723e-01,-3.226024115825195104e-01,-1.135928331373346589e+00,-2.241631637430080703e-01
7.271130210543217398e-01,-3.309287561760281826e-01,-1.113753028401156753e+00,-2.592995441864193520e-02
5.964604665135573303e-01,-3.900936837069132190e-01,-9.954660161448893874e-01,3.348154431194537706e-01
5.064681244161706175e-01,-4.134369967672542612e-01,-8.025680050633803297e-01,6.333523865854643331e-01
3.799181123382645575e-01,-3.935923641560535313e-01,-6.477588586097898782e-01,7.927525860167844440e-01
